id,student_request_id,workflow_id,workflow_step_id,step_key,step_name_ar,step_order,processing_unit_id,processing_role_id,assigned_user_id,assigned_staff_profile_id,assigned_faculty_profile_id,assigned_position_assignment_id,status,entered_at,completed_at,completed_by,decision,comment,metadata,created_at,updated_at
00ecba27-7980-42e5-8467-08b9e9646f67,70ea684d-fe11-4505-8d94-73f035770b39,88f0b63c-0977-425e-8c08-df0e946f30b0,9633e070-c930-4100-b256-6e341a81f3b3,manager_review,مراجعة مدير شؤون الطلاب,2,44d05dea-1a26-4451-a384-d3f01dd88ed9,92a20288-a166-4ea3-893e-d8a4300c2828,0b2a2543-a77a-4b86-ad7f-8b35f9db6502,,,,completed,2026-07-27 10:57:34.017222+00,2026-07-27 10:57:35.461497+00,0b2a2543-a77a-4b86-ad7f-8b35f9db6502,approved,TEST_ONLY_FIRST_DELIVERY_FIVE_SERVICES_REAL_GO_LIVE,"{""action_type"": ""approve"", ""direct_assignment_id"": ""cc000002-0000-4000-8000-000000000002""}",2026-07-27 10:57:32.388324+00,2026-07-27 10:57:35.461497+00
00efcf62-5ccb-421c-8059-f053ccb7f41c,85d7068a-8443-4a96-b3bb-b7c658616820,43cbd321-a458-488f-bb1d-9ca62faf4307,a4ea9681-d127-442a-a5a8-bd6e0e11e52b,activities_clearance,مخالصة الأنشطة,4,44d05dea-1a26-4451-a384-d3f01dd88ed9,92a20288-a166-4ea3-893e-d8a4300c2828,0b2a2543-a77a-4b86-ad7f-8b35f9db6502,,,,completed,2026-07-27 07:50:47.620489+00,2026-07-27 07:51:00.830097+00,0b2a2543-a77a-4b86-ad7f-8b35f9db6502,cleared,TEST_ONLY_FIRST_DELIVERY_5_SERVICES,"{""action_type"": ""clear"", ""direct_assignment_id"": ""cc000002-0000-4000-8000-000000000002""}",2026-07-27 07:50:09.100699+00,2026-07-27 07:51:00.830097+00
018222a6-9a97-4204-9018-3e77f4ec7573,0277c36b-462f-410c-830b-6960a01dd163,39513c40-6de7-45ab-baea-6bbaebf4707c,37e96c04-060d-431d-9b5d-c640d2baba95,manager_approval,اعتماد مدير شؤون الطلاب,2,44d05dea-1a26-4451-a384-d3f01dd88ed9,92a20288-a166-4ea3-893e-d8a4300c2828,0b2a2543-a77a-4b86-ad7f-8b35f9db6502,,,,completed,2026-07-27 07:51:57.336004+00,2026-07-27 07:52:04.138795+00,0b2a2543-a77a-4b86-ad7f-8b35f9db6502,approved,TEST_ONLY_FIRST_DELIVERY_5_SERVICES,"{""action_type"": ""approve"", ""direct_assignment_id"": ""cc000002-0000-4000-8000-000000000002""}",2026-07-27 07:51:50.376666+00,2026-07-27 07:52:04.138795+00
052c3dfb-d488-43f1-bedf-9452c00372f5,f2a8e4bb-b305-4dc9-8ec7-570a2c35c993,43cbd321-a458-488f-bb1d-9ca62faf4307,80fd697c-86ca-4454-831d-0309f6932cc3,labs_clearance,مخالصة المعامل,3,e54caf55-d0b1-424b-8513-a30466fec693,7ad4e3cf-1211-4d21-a4fe-4360cfa16a78,b8b50c98-f26c-413b-a585-fafd0abfaa21,,,,completed,2026-07-27 10:57:43.093706+00,2026-07-27 10:57:44.549893+00,b8b50c98-f26c-413b-a585-fafd0abfaa21,cleared,TEST_ONLY_FIRST_DELIVERY_FIVE_SERVICES_REAL_GO_LIVE,"{""action_type"": ""clear"", ""direct_assignment_id"": ""cc000005-0000-4000-8000-000000000005""}",2026-07-27 10:57:40.272233+00,2026-07-27 10:57:44.549893+00
09b7ff80-92a0-4187-8b29-0a56035ed762,f2a8e4bb-b305-4dc9-8ec7-570a2c35c993,43cbd321-a458-488f-bb1d-9ca62faf4307,2854d39b-3009-4142-8a01-51fd19fb5632,finance_clearance,المخالصة المالية,5,ff580c59-076b-40ff-9d64-0502d1c1125d,af495507-2cf9-4578-9b39-5a25ca1a6f0a,f0d8a6b1-7845-46bd-8a12-d78ed6af2bfd,,,,completed,2026-07-27 10:57:45.946709+00,2026-07-27 10:57:47.37937+00,f0d8a6b1-7845-46bd-8a12-d78ed6af2bfd,cleared,TEST_ONLY_FIRST_DELIVERY_FIVE_SERVICES_REAL_GO_LIVE,"{""action_type"": ""clear"", ""direct_assignment_id"": ""cc000006-0000-4000-8000-000000000006""}",2026-07-27 10:57:40.272233+00,2026-07-27 10:57:47.37937+00
0a3588b0-382f-4d76-9887-111e19d53d21,c876eb00-4677-4b7b-ba8f-d8a15392f0df,39513c40-6de7-45ab-baea-6bbaebf4707c,38a7dd89-6d9e-4b90-a648-a0c0ed8f9854,initial_review,المراجعة الأولية,1,44d05dea-1a26-4451-a384-d3f01dd88ed9,32ee5cec-9b61-494d-afc9-7a7dbee19db5,24406961-d8b2-4db7-8896-0ef82039d75f,,,,active,2026-07-27 10:52:15.687354+00,,,,,"{""action_type"": ""review"", ""direct_assignment_id"": ""cc000001-0000-4000-8000-000000000001""}",2026-07-27 10:52:15.687354+00,2026-07-27 10:52:15.687354+00
0b04ad56-bbf2-4387-88ea-086f3252885e,fda9e39c-ab82-44e2-aef6-0b422d401e0e,88f0b63c-0977-425e-8c08-df0e946f30b0,9fc5c3be-a75d-4382-905c-3d83ffd39747,dean_decision,قرار العميد,3,bd3616b0-2322-4087-b9b8-b1f0ec244914,c7347947-789b-405a-b6e5-d58c97104438,fb59542d-d410-4fa4-88d3-1e3e2fabe014,,,,pending,,,,,,"{""action_type"": ""approve"", ""direct_assignment_id"": ""cc000008-0000-4000-8000-000000000008""}",2026-07-27 10:53:14.308204+00,2026-07-27 10:53:14.308204+00
0d1adbc9-c25c-421f-a9c6-71886f91f015,c3acb770-2a89-441a-93cd-d0ff882a3e4b,39513c40-6de7-45ab-baea-6bbaebf4707c,10abce0d-3200-4422-9e6c-01a1d2177434,registrar_apply,تطبيق قرار وقف القيد,3,a8ebca48-9334-4428-95fe-0830cb45c484,0e6784cb-0636-4ecb-9e46-f422be41e1ad,15b0f3cd-29d8-4eb1-ad15-bb9026986dbc,,,,completed,2026-07-27 10:59:54.005579+00,2026-07-27 10:59:55.878683+00,15b0f3cd-29d8-4eb1-ad15-bb9026986dbc,applied,TEST_ONLY_FIRST_DELIVERY_FIVE_SERVICES_REAL_GO_LIVE,"{""action_type"": ""apply_decision"", ""direct_assignment_id"": ""cc000003-0000-4000-8000-000000000003""}",2026-07-27 10:59:51.045561+00,2026-07-27 10:59:55.878683+00
0ee6307f-bd39-45de-8531-a19981747f12,27e5d06b-c1c6-45d6-b96d-cbf89e18e697,39513c40-6de7-45ab-baea-6bbaebf4707c,38a7dd89-6d9e-4b90-a648-a0c0ed8f9854,initial_review,المراجعة الأولية,1,44d05dea-1a26-4451-a384-d3f01dd88ed9,32ee5cec-9b61-494d-afc9-7a7dbee19db5,24406961-d8b2-4db7-8896-0ef82039d75f,,,,completed,2026-07-27 07:21:15.890025+00,2026-07-27 07:28:31.564567+00,24406961-d8b2-4db7-8896-0ef82039d75f,reviewed,TEST_ONLY_FIRST_DELIVERY_5_SERVICES,"{""action_type"": ""review"", ""direct_assignment_id"": ""cc000001-0000-4000-8000-000000000001""}",2026-07-27 07:21:15.890025+00,2026-07-27 07:28:31.564567+00
0f15f0cf-6730-4062-943d-c95414311bb0,47e6eefe-7ff4-48a0-9c50-bf10af63a99a,88f0b63c-0977-425e-8c08-df0e946f30b0,9fc5c3be-a75d-4382-905c-3d83ffd39747,dean_decision,قرار العميد,3,bd3616b0-2322-4087-b9b8-b1f0ec244914,c7347947-789b-405a-b6e5-d58c97104438,fb59542d-d410-4fa4-88d3-1e3e2fabe014,,,,completed,2026-07-27 10:56:13.479652+00,2026-07-27 10:56:14.8177+00,fb59542d-d410-4fa4-88d3-1e3e2fabe014,approved,TEST_ONLY_FIRST_DELIVERY_FIVE_SERVICES_REAL_GO_LIVE,"{""action_type"": ""approve"", ""direct_assignment_id"": ""cc000008-0000-4000-8000-000000000008""}",2026-07-27 10:56:09.992406+00,2026-07-27 10:56:14.8177+00
0fcc5589-191e-4a7e-842f-6af471b25014,ade49963-0a68-4c87-a24b-5e067c1be7fd,43cbd321-a458-488f-bb1d-9ca62faf4307,2854d39b-3009-4142-8a01-51fd19fb5632,finance_clearance,المخالصة المالية,5,ff580c59-076b-40ff-9d64-0502d1c1125d,af495507-2cf9-4578-9b39-5a25ca1a6f0a,f0d8a6b1-7845-46bd-8a12-d78ed6af2bfd,,,,pending,,,,,,"{""action_type"": ""clear"", ""direct_assignment_id"": ""cc000006-0000-4000-8000-000000000006""}",2026-07-27 10:53:16.136209+00,2026-07-27 10:53:16.136209+00
0ff03ba8-ba50-4d50-9306-c2999ae5f70e,c876eb00-4677-4b7b-ba8f-d8a15392f0df,39513c40-6de7-45ab-baea-6bbaebf4707c,10abce0d-3200-4422-9e6c-01a1d2177434,registrar_apply,تطبيق قرار وقف القيد,3,a8ebca48-9334-4428-95fe-0830cb45c484,0e6784cb-0636-4ecb-9e46-f422be41e1ad,15b0f3cd-29d8-4eb1-ad15-bb9026986dbc,,,,pending,,,,,,"{""action_type"": ""apply_decision"", ""direct_assignment_id"": ""cc000003-0000-4000-8000-000000000003""}",2026-07-27 10:52:15.687354+00,2026-07-27 10:52:15.687354+00
109124c4-940a-4d62-88c0-d895363af109,0f7f11f3-1cdd-492e-a971-5d4479c7e155,43cbd321-a458-488f-bb1d-9ca62faf4307,a4ea9681-d127-442a-a5a8-bd6e0e11e52b,activities_clearance,مخالصة الأنشطة,4,44d05dea-1a26-4451-a384-d3f01dd88ed9,92a20288-a166-4ea3-893e-d8a4300c2828,0b2a2543-a77a-4b86-ad7f-8b35f9db6502,,,,completed,2026-07-27 10:54:08.467092+00,2026-07-27 10:54:09.878657+00,0b2a2543-a77a-4b86-ad7f-8b35f9db6502,cleared,TEST_ONLY_FIRST_DELIVERY_FIVE_SERVICES_REAL_GO_LIVE,"{""action_type"": ""clear"", ""direct_assignment_id"": ""cc000002-0000-4000-8000-000000000002""}",2026-07-27 10:54:04.197882+00,2026-07-27 10:54:09.878657+00
10b155fd-2313-4083-8e56-b3d9f98a36a7,bf38217e-9edb-4527-bde2-dc30e56a9f47,88f0b63c-0977-425e-8c08-df0e946f30b0,9fc5c3be-a75d-4382-905c-3d83ffd39747,dean_decision,قرار العميد,3,bd3616b0-2322-4087-b9b8-b1f0ec244914,c7347947-789b-405a-b6e5-d58c97104438,fb59542d-d410-4fa4-88d3-1e3e2fabe014,,,,pending,,,,,,"{""action_type"": ""approve"", ""direct_assignment_id"": ""cc000008-0000-4000-8000-000000000008""}",2026-07-27 10:52:18.314494+00,2026-07-27 10:52:18.314494+00
10de2292-e51e-42da-a91c-c44b3d3c6a01,fda9e39c-ab82-44e2-aef6-0b422d401e0e,88f0b63c-0977-425e-8c08-df0e946f30b0,0d818642-d467-4d2c-a904-f712b3588238,payment_confirmation,تأكيد استلام الرسوم خارج البوابة,4,ff580c59-076b-40ff-9d64-0502d1c1125d,af495507-2cf9-4578-9b39-5a25ca1a6f0a,f0d8a6b1-7845-46bd-8a12-d78ed6af2bfd,,,,pending,,,,,,"{""action_type"": ""confirm_payment"", ""direct_assignment_id"": ""cc000006-0000-4000-8000-000000000006""}",2026-07-27 10:53:14.308204+00,2026-07-27 10:53:14.308204+00
1104cc1d-f3c2-4ecd-8c1d-be09fca608c3,7df02398-bf56-4c75-b63b-f5ec20e39360,43cbd321-a458-488f-bb1d-9ca62faf4307,799a0802-ada5-419d-809d-ae40ac3e36b7,student_affairs_intake,استلام شؤون الطلاب,1,44d05dea-1a26-4451-a384-d3f01dd88ed9,32ee5cec-9b61-494d-afc9-7a7dbee19db5,24406961-d8b2-4db7-8896-0ef82039d75f,,,,completed,2026-07-27 10:56:18.062779+00,2026-07-27 10:56:19.373417+00,24406961-d8b2-4db7-8896-0ef82039d75f,reviewed,TEST_ONLY_FIRST_DELIVERY_FIVE_SERVICES_REAL_GO_LIVE,"{""action_type"": ""review"", ""direct_assignment_id"": ""cc000001-0000-4000-8000-000000000001""}",2026-07-27 10:56:18.062779+00,2026-07-27 10:56:19.373417+00
15c26e94-b9f4-4088-af5d-08af9bfc3f2f,47e6eefe-7ff4-48a0-9c50-bf10af63a99a,88f0b63c-0977-425e-8c08-df0e946f30b0,90c30f35-f12a-4b5a-bdc9-f649eda6639e,registrar_apply,تطبيق فرصة الاختبار النهائية,5,a8ebca48-9334-4428-95fe-0830cb45c484,0e6784cb-0636-4ecb-9e46-f422be41e1ad,15b0f3cd-29d8-4eb1-ad15-bb9026986dbc,,,,completed,2026-07-27 10:56:16.263227+00,2026-07-27 10:56:17.593801+00,15b0f3cd-29d8-4eb1-ad15-bb9026986dbc,applied,TEST_ONLY_FIRST_DELIVERY_FIVE_SERVICES_REAL_GO_LIVE,"{""action_type"": ""apply_decision"", ""direct_assignment_id"": ""cc000003-0000-4000-8000-000000000003""}",2026-07-27 10:56:09.992406+00,2026-07-27 10:56:17.593801+00
17df34ce-3999-4ec3-a7e9-2cfb5ea2602d,b093dc3d-9fc8-4b16-a0e6-0b767f597d71,c8825e7f-8026-4359-b901-ad716bff8707,7d551d1c-c171-4824-add7-ed7a5882f8cc,record_apply,تطبيق العذر في السجل,3,44d05dea-1a26-4451-a384-d3f01dd88ed9,32ee5cec-9b61-494d-afc9-7a7dbee19db5,24406961-d8b2-4db7-8896-0ef82039d75f,,,,completed,2026-07-27 07:48:31.912073+00,2026-07-27 07:48:36.498798+00,24406961-d8b2-4db7-8896-0ef82039d75f,applied,TEST_ONLY_FIRST_DELIVERY_5_SERVICES,"{""action_type"": ""apply_decision"", ""direct_assignment_id"": ""cc000001-0000-4000-8000-000000000001""}",2026-07-27 07:48:21.165513+00,2026-07-27 07:48:36.498798+00
197a38c9-6633-4ae8-aa51-873ee46c4be5,30482047-e7e4-4e5a-accd-5a9a097d9e14,88f0b63c-0977-425e-8c08-df0e946f30b0,90c30f35-f12a-4b5a-bdc9-f649eda6639e,registrar_apply,تطبيق فرصة الاختبار النهائية,5,a8ebca48-9334-4428-95fe-0830cb45c484,0e6784cb-0636-4ecb-9e46-f422be41e1ad,15b0f3cd-29d8-4eb1-ad15-bb9026986dbc,,,,completed,2026-07-27 10:59:49.090611+00,2026-07-27 10:59:50.521601+00,15b0f3cd-29d8-4eb1-ad15-bb9026986dbc,applied,TEST_ONLY_FIRST_DELIVERY_FIVE_SERVICES_REAL_GO_LIVE,"{""action_type"": ""apply_decision"", ""direct_assignment_id"": ""cc000003-0000-4000-8000-000000000003""}",2026-07-27 10:59:43.216745+00,2026-07-27 10:59:50.521601+00
1a0373b0-0aab-487d-8f81-5bda05708755,de9e6c7f-eaec-4d32-9e8c-7ce168d542c5,c8825e7f-8026-4359-b901-ad716bff8707,5dec2c93-c45f-4d10-b927-f4592c74f71b,student_affairs_intake,استلام شؤون الطلاب,1,44d05dea-1a26-4451-a384-d3f01dd88ed9,32ee5cec-9b61-494d-afc9-7a7dbee19db5,24406961-d8b2-4db7-8896-0ef82039d75f,,,,completed,2026-07-27 10:59:28.223218+00,2026-07-27 10:59:29.821489+00,24406961-d8b2-4db7-8896-0ef82039d75f,reviewed,TEST_ONLY_FIRST_DELIVERY_FIVE_SERVICES_REAL_GO_LIVE,"{""action_type"": ""review"", ""direct_assignment_id"": ""cc000001-0000-4000-8000-000000000001""}",2026-07-27 10:59:28.223218+00,2026-07-27 10:59:29.821489+00
1a44ae1f-184c-4a61-9753-f0937e92edb1,6c4ca023-11d4-41e9-91ce-55d353795909,88f0b63c-0977-425e-8c08-df0e946f30b0,ffc168e0-588f-4fc3-8f59-2c86102fe593,student_affairs_intake,مراجعة شؤون الطلاب,1,44d05dea-1a26-4451-a384-d3f01dd88ed9,32ee5cec-9b61-494d-afc9-7a7dbee19db5,24406961-d8b2-4db7-8896-0ef82039d75f,,,,completed,2026-07-27 07:49:31.16012+00,2026-07-27 07:49:39.929346+00,24406961-d8b2-4db7-8896-0ef82039d75f,reviewed,TEST_ONLY_FIRST_DELIVERY_5_SERVICES,"{""action_type"": ""review"", ""direct_assignment_id"": ""cc000001-0000-4000-8000-000000000001""}",2026-07-27 07:49:31.16012+00,2026-07-27 07:49:39.929346+00
1e84d7ca-6ab5-4bf1-a1d9-df46d65e7f25,6c4ca023-11d4-41e9-91ce-55d353795909,88f0b63c-0977-425e-8c08-df0e946f30b0,9fc5c3be-a75d-4382-905c-3d83ffd39747,dean_decision,قرار العميد,3,bd3616b0-2322-4087-b9b8-b1f0ec244914,c7347947-789b-405a-b6e5-d58c97104438,fb59542d-d410-4fa4-88d3-1e3e2fabe014,,,,completed,2026-07-27 07:49:48.916195+00,2026-07-27 07:49:58.893544+00,fb59542d-d410-4fa4-88d3-1e3e2fabe014,approved,TEST_ONLY_FIRST_DELIVERY_5_SERVICES,"{""action_type"": ""approve"", ""direct_assignment_id"": ""cc000008-0000-4000-8000-000000000008""}",2026-07-27 07:49:31.16012+00,2026-07-27 07:49:58.893544+00
23145fc0-c911-4cf9-99ca-8ec8b375dd35,53710937-4a69-4fc6-96b1-c2727c551c6e,43cbd321-a458-488f-bb1d-9ca62faf4307,80fd697c-86ca-4454-831d-0309f6932cc3,labs_clearance,مخالصة المعامل,3,e54caf55-d0b1-424b-8513-a30466fec693,7ad4e3cf-1211-4d21-a4fe-4360cfa16a78,b8b50c98-f26c-413b-a585-fafd0abfaa21,,,,completed,2026-07-27 10:59:59.312359+00,2026-07-27 11:00:00.811177+00,b8b50c98-f26c-413b-a585-fafd0abfaa21,cleared,TEST_ONLY_FIRST_DELIVERY_FIVE_SERVICES_REAL_GO_LIVE,"{""action_type"": ""clear"", ""direct_assignment_id"": ""cc000005-0000-4000-8000-000000000005""}",2026-07-27 10:59:56.375776+00,2026-07-27 11:00:00.811177+00
26fcaa15-8ee5-479c-aeeb-32fcc60518ce,fda9e39c-ab82-44e2-aef6-0b422d401e0e,88f0b63c-0977-425e-8c08-df0e946f30b0,9633e070-c930-4100-b256-6e341a81f3b3,manager_review,مراجعة مدير شؤون الطلاب,2,44d05dea-1a26-4451-a384-d3f01dd88ed9,92a20288-a166-4ea3-893e-d8a4300c2828,0b2a2543-a77a-4b86-ad7f-8b35f9db6502,,,,pending,,,,,,"{""action_type"": ""approve"", ""direct_assignment_id"": ""cc000002-0000-4000-8000-000000000002""}",2026-07-27 10:53:14.308204+00,2026-07-27 10:53:14.308204+00
29b3afc0-180e-4872-a2e9-30566ffe6081,6c4ca023-11d4-41e9-91ce-55d353795909,88f0b63c-0977-425e-8c08-df0e946f30b0,90c30f35-f12a-4b5a-bdc9-f649eda6639e,registrar_apply,تطبيق فرصة الاختبار النهائية,5,a8ebca48-9334-4428-95fe-0830cb45c484,0e6784cb-0636-4ecb-9e46-f422be41e1ad,15b0f3cd-29d8-4eb1-ad15-bb9026986dbc,,,,completed,2026-07-27 07:53:02.020544+00,2026-07-27 07:53:11.053592+00,15b0f3cd-29d8-4eb1-ad15-bb9026986dbc,applied,TEST_ONLY_FIRST_DELIVERY_5_SERVICES,"{""action_type"": ""apply_decision"", ""direct_assignment_id"": ""cc000003-0000-4000-8000-000000000003""}",2026-07-27 07:49:31.16012+00,2026-07-27 07:53:11.053592+00
2b0c81c1-ab96-4c9b-94b2-f641c0ac94ea,0f7f11f3-1cdd-492e-a971-5d4479c7e155,43cbd321-a458-488f-bb1d-9ca62faf4307,2854d39b-3009-4142-8a01-51fd19fb5632,finance_clearance,المخالصة المالية,5,ff580c59-076b-40ff-9d64-0502d1c1125d,af495507-2cf9-4578-9b39-5a25ca1a6f0a,f0d8a6b1-7845-46bd-8a12-d78ed6af2bfd,,,,completed,2026-07-27 10:54:09.878657+00,2026-07-27 10:54:11.311054+00,f0d8a6b1-7845-46bd-8a12-d78ed6af2bfd,cleared,TEST_ONLY_FIRST_DELIVERY_FIVE_SERVICES_REAL_GO_LIVE,"{""action_type"": ""clear"", ""direct_assignment_id"": ""cc000006-0000-4000-8000-000000000006""}",2026-07-27 10:54:04.197882+00,2026-07-27 10:54:11.311054+00
2d064947-204c-4b26-9dbd-225a9dee8f1c,0277c36b-462f-410c-830b-6960a01dd163,39513c40-6de7-45ab-baea-6bbaebf4707c,10abce0d-3200-4422-9e6c-01a1d2177434,registrar_apply,تطبيق قرار وقف القيد,3,a8ebca48-9334-4428-95fe-0830cb45c484,0e6784cb-0636-4ecb-9e46-f422be41e1ad,15b0f3cd-29d8-4eb1-ad15-bb9026986dbc,,,,completed,2026-07-27 07:52:04.138795+00,2026-07-27 07:52:10.128829+00,15b0f3cd-29d8-4eb1-ad15-bb9026986dbc,applied,TEST_ONLY_FIRST_DELIVERY_5_SERVICES,"{""action_type"": ""apply_decision"", ""direct_assignment_id"": ""cc000003-0000-4000-8000-000000000003""}",2026-07-27 07:51:50.376666+00,2026-07-27 07:52:10.128829+00
2ddd23de-f1bc-49fd-8d46-f816800ad6dd,7df02398-bf56-4c75-b63b-f5ec20e39360,43cbd321-a458-488f-bb1d-9ca62faf4307,d24ca107-1a89-4546-bdf1-a7381cd3f85c,registrar_apply,تطبيق قرار سحب الملف,6,a8ebca48-9334-4428-95fe-0830cb45c484,0e6784cb-0636-4ecb-9e46-f422be41e1ad,15b0f3cd-29d8-4eb1-ad15-bb9026986dbc,,,,completed,2026-07-27 10:56:24.614152+00,2026-07-27 10:56:25.895101+00,15b0f3cd-29d8-4eb1-ad15-bb9026986dbc,applied,TEST_ONLY_FIRST_DELIVERY_FIVE_SERVICES_REAL_GO_LIVE,"{""action_type"": ""apply_decision"", ""direct_assignment_id"": ""cc000003-0000-4000-8000-000000000003""}",2026-07-27 10:56:18.062779+00,2026-07-27 10:56:25.895101+00
2e8c789e-784a-468c-84f6-84dd79e6cf7e,421429ec-f165-4e07-bc3b-278268ec4f33,8539d4a3-b201-41bd-bbd7-7a6bb169e9bd,f043d286-e96a-4332-90a7-26d07ead5247,source_department_head_approval,موافقة رئيس القسم الحالي,2,fc58655d-326a-462f-9f66-cab6d32cc8fa,06b461ab-8f47-4d4c-8ffa-fc8c23f80620,,,,bb000001-0000-4000-8000-000000000001,completed,2026-07-27 10:59:35.43031+00,2026-07-27 10:59:36.873452+00,49f152f8-db2b-4bd0-af08-2f8b3425d053,approved,TEST_ONLY_FIRST_DELIVERY_FIVE_SERVICES_REAL_GO_LIVE,"{""action_type"": ""approve"", ""direct_assignment_id"": ""cc000009-0000-4000-8000-000000000009""}",2026-07-27 10:59:34.014805+00,2026-07-27 10:59:36.873452+00
2eb1055d-0d3c-44e6-adee-565f64007722,24b7ba1f-04c9-44c1-a188-52f74ef908bb,88f0b63c-0977-425e-8c08-df0e946f30b0,0d818642-d467-4d2c-a904-f712b3588238,payment_confirmation,تأكيد استلام الرسوم خارج البوابة,4,ff580c59-076b-40ff-9d64-0502d1c1125d,af495507-2cf9-4578-9b39-5a25ca1a6f0a,f0d8a6b1-7845-46bd-8a12-d78ed6af2bfd,,,,completed,2026-07-27 10:58:59.965444+00,2026-07-27 10:59:01.331061+00,f0d8a6b1-7845-46bd-8a12-d78ed6af2bfd,payment_confirmed,TEST_ONLY_FIRST_DELIVERY_FIVE_SERVICES_REAL_GO_LIVE,"{""action_type"": ""confirm_payment"", ""direct_assignment_id"": ""cc000006-0000-4000-8000-000000000006""}",2026-07-27 10:58:56.255815+00,2026-07-27 10:59:01.331061+00
2f7c5838-104c-43a1-b51e-3b28943ad28d,ade49963-0a68-4c87-a24b-5e067c1be7fd,43cbd321-a458-488f-bb1d-9ca62faf4307,799a0802-ada5-419d-809d-ae40ac3e36b7,student_affairs_intake,استلام شؤون الطلاب,1,44d05dea-1a26-4451-a384-d3f01dd88ed9,32ee5cec-9b61-494d-afc9-7a7dbee19db5,24406961-d8b2-4db7-8896-0ef82039d75f,,,,active,2026-07-27 10:53:16.136209+00,,,,,"{""action_type"": ""review"", ""direct_assignment_id"": ""cc000001-0000-4000-8000-000000000001""}",2026-07-27 10:53:16.136209+00,2026-07-27 10:53:16.136209+00
3355d035-90dc-4d53-8e41-ddee633d6c61,f2a8e4bb-b305-4dc9-8ec7-570a2c35c993,43cbd321-a458-488f-bb1d-9ca62faf4307,a4ea9681-d127-442a-a5a8-bd6e0e11e52b,activities_clearance,مخالصة الأنشطة,4,44d05dea-1a26-4451-a384-d3f01dd88ed9,92a20288-a166-4ea3-893e-d8a4300c2828,0b2a2543-a77a-4b86-ad7f-8b35f9db6502,,,,completed,2026-07-27 10:57:44.549893+00,2026-07-27 10:57:45.946709+00,0b2a2543-a77a-4b86-ad7f-8b35f9db6502,cleared,TEST_ONLY_FIRST_DELIVERY_FIVE_SERVICES_REAL_GO_LIVE,"{""action_type"": ""clear"", ""direct_assignment_id"": ""cc000002-0000-4000-8000-000000000002""}",2026-07-27 10:57:40.272233+00,2026-07-27 10:57:45.946709+00
3bc84b0f-b640-47aa-a07e-f537f797626d,d3f5be81-0760-459b-8d30-a3377ab33aa1,88f0b63c-0977-425e-8c08-df0e946f30b0,ffc168e0-588f-4fc3-8f59-2c86102fe593,student_affairs_intake,مراجعة شؤون الطلاب,1,44d05dea-1a26-4451-a384-d3f01dd88ed9,32ee5cec-9b61-494d-afc9-7a7dbee19db5,24406961-d8b2-4db7-8896-0ef82039d75f,,,,completed,2026-07-27 10:53:56.606632+00,2026-07-27 10:53:58.10088+00,24406961-d8b2-4db7-8896-0ef82039d75f,reviewed,TEST_ONLY_FIRST_DELIVERY_FIVE_SERVICES_REAL_GO_LIVE,"{""action_type"": ""review"", ""direct_assignment_id"": ""cc000001-0000-4000-8000-000000000001""}",2026-07-27 10:53:56.606632+00,2026-07-27 10:53:58.10088+00
3f2f79f7-feff-4701-9bc6-13620541e989,9e97eeac-640b-4778-ba72-3463c1c438d3,39513c40-6de7-45ab-baea-6bbaebf4707c,37e96c04-060d-431d-9b5d-c640d2baba95,manager_approval,اعتماد مدير شؤون الطلاب,2,44d05dea-1a26-4451-a384-d3f01dd88ed9,92a20288-a166-4ea3-893e-d8a4300c2828,0b2a2543-a77a-4b86-ad7f-8b35f9db6502,,,,completed,2026-07-27 10:58:52.081544+00,2026-07-27 10:58:53.394792+00,0b2a2543-a77a-4b86-ad7f-8b35f9db6502,approved,TEST_ONLY_FIRST_DELIVERY_FIVE_SERVICES_REAL_GO_LIVE,"{""action_type"": ""approve"", ""direct_assignment_id"": ""cc000002-0000-4000-8000-000000000002""}",2026-07-27 10:58:50.694139+00,2026-07-27 10:58:53.394792+00
40125607-e316-4bd1-a200-7524505a89a4,0f7f11f3-1cdd-492e-a971-5d4479c7e155,43cbd321-a458-488f-bb1d-9ca62faf4307,d24ca107-1a89-4546-bdf1-a7381cd3f85c,registrar_apply,تطبيق قرار سحب الملف,6,a8ebca48-9334-4428-95fe-0830cb45c484,0e6784cb-0636-4ecb-9e46-f422be41e1ad,15b0f3cd-29d8-4eb1-ad15-bb9026986dbc,,,,active,2026-07-27 10:54:11.311054+00,,,,,"{""action_type"": ""apply_decision"", ""direct_assignment_id"": ""cc000003-0000-4000-8000-000000000003""}",2026-07-27 10:54:04.197882+00,2026-07-27 10:54:11.311054+00
42ff254c-788b-4674-8197-7f2ad1349b56,f2a8e4bb-b305-4dc9-8ec7-570a2c35c993,43cbd321-a458-488f-bb1d-9ca62faf4307,77aa599d-8b1a-4cea-a20e-4240c723981b,archive,الأرشفة,7,b9bc6b28-c948-4ef9-b6b0-e74752ea3db4,0e2c5110-9014-43d1-bf80-e3a74a4a17bc,676ecf19-4c7a-45eb-86db-2c141e5a7691,,,,completed,2026-07-27 10:57:48.743794+00,2026-07-27 10:57:50.118589+00,676ecf19-4c7a-45eb-86db-2c141e5a7691,archived,TEST_ONLY_FIRST_DELIVERY_FIVE_SERVICES_REAL_GO_LIVE,"{""action_type"": ""archive"", ""direct_assignment_id"": ""cc000007-0000-4000-8000-000000000007""}",2026-07-27 10:57:40.272233+00,2026-07-27 10:57:50.118589+00
4c93e34d-5874-4269-a07f-bab986d6290a,54b96b02-872d-4c8e-b326-98e3e4986afa,43cbd321-a458-488f-bb1d-9ca62faf4307,77aa599d-8b1a-4cea-a20e-4240c723981b,archive,الأرشفة,7,b9bc6b28-c948-4ef9-b6b0-e74752ea3db4,0e2c5110-9014-43d1-bf80-e3a74a4a17bc,676ecf19-4c7a-45eb-86db-2c141e5a7691,,,,completed,2026-07-27 10:59:10.666773+00,2026-07-27 10:59:11.878808+00,676ecf19-4c7a-45eb-86db-2c141e5a7691,archived,TEST_ONLY_FIRST_DELIVERY_FIVE_SERVICES_REAL_GO_LIVE,"{""action_type"": ""archive"", ""direct_assignment_id"": ""cc000007-0000-4000-8000-000000000007""}",2026-07-27 10:59:02.863178+00,2026-07-27 10:59:11.878808+00
4df1ae5c-8163-4b02-bc26-c7cfbdbf6cdb,ade49963-0a68-4c87-a24b-5e067c1be7fd,43cbd321-a458-488f-bb1d-9ca62faf4307,06dd9f7e-c17b-4f42-94b2-757d82fc0cf6,library_clearance,مخالصة المكتبة,2,48e25baf-3ed0-4cde-b128-22d801ce6dd1,544028ec-0590-4119-bf83-7bc6c178fc1a,749a6e5d-eb27-4417-99a4-7abaffe406a3,,,,pending,,,,,,"{""action_type"": ""clear"", ""direct_assignment_id"": ""cc000004-0000-4000-8000-000000000004""}",2026-07-27 10:53:16.136209+00,2026-07-27 10:53:16.136209+00
57cd0a91-6caa-4cc8-a16b-02b71b2960f4,30482047-e7e4-4e5a-accd-5a9a097d9e14,88f0b63c-0977-425e-8c08-df0e946f30b0,ffc168e0-588f-4fc3-8f59-2c86102fe593,student_affairs_intake,مراجعة شؤون الطلاب,1,44d05dea-1a26-4451-a384-d3f01dd88ed9,32ee5cec-9b61-494d-afc9-7a7dbee19db5,24406961-d8b2-4db7-8896-0ef82039d75f,,,,completed,2026-07-27 10:59:43.216745+00,2026-07-27 10:59:44.701427+00,24406961-d8b2-4db7-8896-0ef82039d75f,reviewed,TEST_ONLY_FIRST_DELIVERY_FIVE_SERVICES_REAL_GO_LIVE,"{""action_type"": ""review"", ""direct_assignment_id"": ""cc000001-0000-4000-8000-000000000001""}",2026-07-27 10:59:43.216745+00,2026-07-27 10:59:44.701427+00
5eed922a-4a81-4148-9844-204ffce973fb,bf38217e-9edb-4527-bde2-dc30e56a9f47,88f0b63c-0977-425e-8c08-df0e946f30b0,ffc168e0-588f-4fc3-8f59-2c86102fe593,student_affairs_intake,مراجعة شؤون الطلاب,1,44d05dea-1a26-4451-a384-d3f01dd88ed9,32ee5cec-9b61-494d-afc9-7a7dbee19db5,24406961-d8b2-4db7-8896-0ef82039d75f,,,,active,2026-07-27 10:52:18.314494+00,,,,,"{""action_type"": ""review"", ""direct_assignment_id"": ""cc000001-0000-4000-8000-000000000001""}",2026-07-27 10:52:18.314494+00,2026-07-27 10:52:18.314494+00
5fa4c7a3-4202-47fa-8ad9-27618ee21990,4953f79c-fcf1-4119-8ef3-a0c6c240534f,8539d4a3-b201-41bd-bbd7-7a6bb169e9bd,1dfb67c0-c8eb-47b2-887c-7c33a24c9b16,payment_confirmation,تأكيد استلام الرسوم خارج البوابة,5,ff580c59-076b-40ff-9d64-0502d1c1125d,af495507-2cf9-4578-9b39-5a25ca1a6f0a,f0d8a6b1-7845-46bd-8a12-d78ed6af2bfd,,,,completed,2026-07-27 07:49:20.16997+00,2026-07-27 07:52:40.073096+00,f0d8a6b1-7845-46bd-8a12-d78ed6af2bfd,payment_confirmed,TEST_ONLY external university payment confirmation,"{""action_type"": ""confirm_payment"", ""direct_assignment_id"": ""cc000006-0000-4000-8000-000000000006""}",2026-07-27 07:48:37.686692+00,2026-07-27 07:52:40.073096+00
6003c37c-924f-4987-8e5e-817643a74b7f,421429ec-f165-4e07-bc3b-278268ec4f33,8539d4a3-b201-41bd-bbd7-7a6bb169e9bd,11ba9144-d8fd-4b52-82bb-978ba6911daf,registrar_apply,تطبيق قرار التحويل,6,a8ebca48-9334-4428-95fe-0830cb45c484,0e6784cb-0636-4ecb-9e46-f422be41e1ad,15b0f3cd-29d8-4eb1-ad15-bb9026986dbc,,,,completed,2026-07-27 10:59:41.307135+00,2026-07-27 10:59:42.756469+00,15b0f3cd-29d8-4eb1-ad15-bb9026986dbc,applied,TEST_ONLY_FIRST_DELIVERY_FIVE_SERVICES_REAL_GO_LIVE,"{""action_type"": ""apply_decision"", ""direct_assignment_id"": ""cc000003-0000-4000-8000-000000000003""}",2026-07-27 10:59:34.014805+00,2026-07-27 10:59:42.756469+00
608d7319-b0f0-4563-b50e-bb4f1de90e20,24b7ba1f-04c9-44c1-a188-52f74ef908bb,88f0b63c-0977-425e-8c08-df0e946f30b0,90c30f35-f12a-4b5a-bdc9-f649eda6639e,registrar_apply,تطبيق فرصة الاختبار النهائية,5,a8ebca48-9334-4428-95fe-0830cb45c484,0e6784cb-0636-4ecb-9e46-f422be41e1ad,15b0f3cd-29d8-4eb1-ad15-bb9026986dbc,,,,active,2026-07-27 10:59:01.331061+00,,,,,"{""action_type"": ""apply_decision"", ""direct_assignment_id"": ""cc000003-0000-4000-8000-000000000003""}",2026-07-27 10:58:56.255815+00,2026-07-27 10:59:01.331061+00
650fa8ee-86bb-4e01-8d4b-0236fcb33813,6c4ca023-11d4-41e9-91ce-55d353795909,88f0b63c-0977-425e-8c08-df0e946f30b0,0d818642-d467-4d2c-a904-f712b3588238,payment_confirmation,تأكيد استلام الرسوم خارج البوابة,4,ff580c59-076b-40ff-9d64-0502d1c1125d,af495507-2cf9-4578-9b39-5a25ca1a6f0a,f0d8a6b1-7845-46bd-8a12-d78ed6af2bfd,,,,completed,2026-07-27 07:49:58.893544+00,2026-07-27 07:53:02.020544+00,f0d8a6b1-7845-46bd-8a12-d78ed6af2bfd,payment_confirmed,TEST_ONLY external university payment confirmation,"{""action_type"": ""confirm_payment"", ""direct_assignment_id"": ""cc000006-0000-4000-8000-000000000006""}",2026-07-27 07:49:31.16012+00,2026-07-27 07:53:02.020544+00
66800a47-5fd1-46c5-a79f-15f6b888fac0,27e5d06b-c1c6-45d6-b96d-cbf89e18e697,39513c40-6de7-45ab-baea-6bbaebf4707c,37e96c04-060d-431d-9b5d-c640d2baba95,manager_approval,اعتماد مدير شؤون الطلاب,2,44d05dea-1a26-4451-a384-d3f01dd88ed9,92a20288-a166-4ea3-893e-d8a4300c2828,0b2a2543-a77a-4b86-ad7f-8b35f9db6502,,,,completed,2026-07-27 07:28:31.564567+00,2026-07-27 07:28:37.666663+00,0b2a2543-a77a-4b86-ad7f-8b35f9db6502,approved,TEST_ONLY_FIRST_DELIVERY_5_SERVICES,"{""action_type"": ""approve"", ""direct_assignment_id"": ""cc000002-0000-4000-8000-000000000002""}",2026-07-27 07:21:15.890025+00,2026-07-27 07:28:37.666663+00
67ab4031-499c-4db8-b001-346f16330c7a,b093dc3d-9fc8-4b16-a0e6-0b767f597d71,c8825e7f-8026-4359-b901-ad716bff8707,5dec2c93-c45f-4d10-b927-f4592c74f71b,student_affairs_intake,استلام شؤون الطلاب,1,44d05dea-1a26-4451-a384-d3f01dd88ed9,32ee5cec-9b61-494d-afc9-7a7dbee19db5,24406961-d8b2-4db7-8896-0ef82039d75f,,,,completed,2026-07-27 07:48:21.165513+00,2026-07-27 07:48:25.778534+00,24406961-d8b2-4db7-8896-0ef82039d75f,reviewed,TEST_ONLY_FIRST_DELIVERY_5_SERVICES,"{""action_type"": ""review"", ""direct_assignment_id"": ""cc000001-0000-4000-8000-000000000001""}",2026-07-27 07:48:21.165513+00,2026-07-27 07:48:25.778534+00
68ad2c11-3ca4-4128-b53b-d5c85ed5b499,85d7068a-8443-4a96-b3bb-b7c658616820,43cbd321-a458-488f-bb1d-9ca62faf4307,06dd9f7e-c17b-4f42-94b2-757d82fc0cf6,library_clearance,مخالصة المكتبة,2,48e25baf-3ed0-4cde-b128-22d801ce6dd1,544028ec-0590-4119-bf83-7bc6c178fc1a,749a6e5d-eb27-4417-99a4-7abaffe406a3,,,,completed,2026-07-27 07:50:23.548069+00,2026-07-27 07:50:35.666818+00,749a6e5d-eb27-4417-99a4-7abaffe406a3,cleared,TEST_ONLY_FIRST_DELIVERY_5_SERVICES,"{""action_type"": ""clear"", ""direct_assignment_id"": ""cc000004-0000-4000-8000-000000000004""}",2026-07-27 07:50:09.100699+00,2026-07-27 07:50:35.666818+00
6b3017ba-a7d1-4327-a592-045506a8d01e,7df02398-bf56-4c75-b63b-f5ec20e39360,43cbd321-a458-488f-bb1d-9ca62faf4307,2854d39b-3009-4142-8a01-51fd19fb5632,finance_clearance,المخالصة المالية,5,ff580c59-076b-40ff-9d64-0502d1c1125d,af495507-2cf9-4578-9b39-5a25ca1a6f0a,f0d8a6b1-7845-46bd-8a12-d78ed6af2bfd,,,,completed,2026-07-27 10:56:23.329384+00,2026-07-27 10:56:24.614152+00,f0d8a6b1-7845-46bd-8a12-d78ed6af2bfd,cleared,TEST_ONLY_FIRST_DELIVERY_FIVE_SERVICES_REAL_GO_LIVE,"{""action_type"": ""clear"", ""direct_assignment_id"": ""cc000006-0000-4000-8000-000000000006""}",2026-07-27 10:56:18.062779+00,2026-07-27 10:56:24.614152+00
73451e85-6137-4bba-94bb-ec064e3143d6,70ea684d-fe11-4505-8d94-73f035770b39,88f0b63c-0977-425e-8c08-df0e946f30b0,90c30f35-f12a-4b5a-bdc9-f649eda6639e,registrar_apply,تطبيق فرصة الاختبار النهائية,5,a8ebca48-9334-4428-95fe-0830cb45c484,0e6784cb-0636-4ecb-9e46-f422be41e1ad,15b0f3cd-29d8-4eb1-ad15-bb9026986dbc,,,,completed,2026-07-27 10:57:38.377075+00,2026-07-27 10:57:39.7606+00,15b0f3cd-29d8-4eb1-ad15-bb9026986dbc,applied,TEST_ONLY_FIRST_DELIVERY_FIVE_SERVICES_REAL_GO_LIVE,"{""action_type"": ""apply_decision"", ""direct_assignment_id"": ""cc000003-0000-4000-8000-000000000003""}",2026-07-27 10:57:32.388324+00,2026-07-27 10:57:39.7606+00
76022384-a3e1-4cf4-b2f8-15e35b783338,30482047-e7e4-4e5a-accd-5a9a097d9e14,88f0b63c-0977-425e-8c08-df0e946f30b0,9633e070-c930-4100-b256-6e341a81f3b3,manager_review,مراجعة مدير شؤون الطلاب,2,44d05dea-1a26-4451-a384-d3f01dd88ed9,92a20288-a166-4ea3-893e-d8a4300c2828,0b2a2543-a77a-4b86-ad7f-8b35f9db6502,,,,completed,2026-07-27 10:59:44.701427+00,2026-07-27 10:59:46.146693+00,0b2a2543-a77a-4b86-ad7f-8b35f9db6502,approved,TEST_ONLY_FIRST_DELIVERY_FIVE_SERVICES_REAL_GO_LIVE,"{""action_type"": ""approve"", ""direct_assignment_id"": ""cc000002-0000-4000-8000-000000000002""}",2026-07-27 10:59:43.216745+00,2026-07-27 10:59:46.146693+00
7ad308bf-f1fb-4808-8d47-e065df738626,30482047-e7e4-4e5a-accd-5a9a097d9e14,88f0b63c-0977-425e-8c08-df0e946f30b0,0d818642-d467-4d2c-a904-f712b3588238,payment_confirmation,تأكيد استلام الرسوم خارج البوابة,4,ff580c59-076b-40ff-9d64-0502d1c1125d,af495507-2cf9-4578-9b39-5a25ca1a6f0a,f0d8a6b1-7845-46bd-8a12-d78ed6af2bfd,,,,completed,2026-07-27 10:59:47.639482+00,2026-07-27 10:59:49.090611+00,f0d8a6b1-7845-46bd-8a12-d78ed6af2bfd,payment_confirmed,TEST_ONLY_FIRST_DELIVERY_FIVE_SERVICES_REAL_GO_LIVE,"{""action_type"": ""confirm_payment"", ""direct_assignment_id"": ""cc000006-0000-4000-8000-000000000006""}",2026-07-27 10:59:43.216745+00,2026-07-27 10:59:49.090611+00
7ca861c3-059b-4efa-aeab-60b0d22a153c,4cf1fda2-0218-4403-a676-a6697b08aa34,43cbd321-a458-488f-bb1d-9ca62faf4307,a4ea9681-d127-442a-a5a8-bd6e0e11e52b,activities_clearance,مخالصة الأنشطة,4,44d05dea-1a26-4451-a384-d3f01dd88ed9,92a20288-a166-4ea3-893e-d8a4300c2828,0b2a2543-a77a-4b86-ad7f-8b35f9db6502,,,,completed,2026-07-27 07:53:47.813771+00,2026-07-27 07:54:00.69705+00,0b2a2543-a77a-4b86-ad7f-8b35f9db6502,cleared,TEST_ONLY_FIRST_DELIVERY_5_SERVICES,"{""action_type"": ""clear"", ""direct_assignment_id"": ""cc000002-0000-4000-8000-000000000002""}",2026-07-27 07:53:11.833723+00,2026-07-27 07:54:00.69705+00
7e17e23e-2200-4bb4-86f5-0b39eede3764,53710937-4a69-4fc6-96b1-c2727c551c6e,43cbd321-a458-488f-bb1d-9ca62faf4307,d24ca107-1a89-4546-bdf1-a7381cd3f85c,registrar_apply,تطبيق قرار سحب الملف,6,a8ebca48-9334-4428-95fe-0830cb45c484,0e6784cb-0636-4ecb-9e46-f422be41e1ad,15b0f3cd-29d8-4eb1-ad15-bb9026986dbc,,,,completed,2026-07-27 11:00:03.912663+00,2026-07-27 11:00:05.363295+00,15b0f3cd-29d8-4eb1-ad15-bb9026986dbc,applied,TEST_ONLY_FIRST_DELIVERY_FIVE_SERVICES_REAL_GO_LIVE,"{""action_type"": ""apply_decision"", ""direct_assignment_id"": ""cc000003-0000-4000-8000-000000000003""}",2026-07-27 10:59:56.375776+00,2026-07-27 11:00:05.363295+00
8187faeb-a537-4cf1-8f5b-bc7b509e3df4,e3cc0366-b6fc-4d64-8c01-541030f83b00,c8825e7f-8026-4359-b901-ad716bff8707,5dec2c93-c45f-4d10-b927-f4592c74f71b,student_affairs_intake,استلام شؤون الطلاب,1,44d05dea-1a26-4451-a384-d3f01dd88ed9,32ee5cec-9b61-494d-afc9-7a7dbee19db5,24406961-d8b2-4db7-8896-0ef82039d75f,,,,completed,2026-07-27 07:52:11.960447+00,2026-07-27 07:52:16.67689+00,24406961-d8b2-4db7-8896-0ef82039d75f,reviewed,TEST_ONLY_FIRST_DELIVERY_5_SERVICES,"{""action_type"": ""review"", ""direct_assignment_id"": ""cc000001-0000-4000-8000-000000000001""}",2026-07-27 07:52:11.960447+00,2026-07-27 07:52:16.67689+00
83720f6c-2341-4378-a852-f192eabca56b,4cf1fda2-0218-4403-a676-a6697b08aa34,43cbd321-a458-488f-bb1d-9ca62faf4307,06dd9f7e-c17b-4f42-94b2-757d82fc0cf6,library_clearance,مخالصة المكتبة,2,48e25baf-3ed0-4cde-b128-22d801ce6dd1,544028ec-0590-4119-bf83-7bc6c178fc1a,749a6e5d-eb27-4417-99a4-7abaffe406a3,,,,completed,2026-07-27 07:53:24.23974+00,2026-07-27 07:53:36.11791+00,749a6e5d-eb27-4417-99a4-7abaffe406a3,cleared,TEST_ONLY_FIRST_DELIVERY_5_SERVICES,"{""action_type"": ""clear"", ""direct_assignment_id"": ""cc000004-0000-4000-8000-000000000004""}",2026-07-27 07:53:11.833723+00,2026-07-27 07:53:36.11791+00
8387d216-5089-44a2-b072-8c624a571c2d,f2a8e4bb-b305-4dc9-8ec7-570a2c35c993,43cbd321-a458-488f-bb1d-9ca62faf4307,d24ca107-1a89-4546-bdf1-a7381cd3f85c,registrar_apply,تطبيق قرار سحب الملف,6,a8ebca48-9334-4428-95fe-0830cb45c484,0e6784cb-0636-4ecb-9e46-f422be41e1ad,15b0f3cd-29d8-4eb1-ad15-bb9026986dbc,,,,completed,2026-07-27 10:57:47.37937+00,2026-07-27 10:57:48.743794+00,15b0f3cd-29d8-4eb1-ad15-bb9026986dbc,applied,TEST_ONLY_FIRST_DELIVERY_FIVE_SERVICES_REAL_GO_LIVE,"{""action_type"": ""apply_decision"", ""direct_assignment_id"": ""cc000003-0000-4000-8000-000000000003""}",2026-07-27 10:57:40.272233+00,2026-07-27 10:57:48.743794+00
85690776-67ac-4e24-b8bc-7152d4fe04de,54b96b02-872d-4c8e-b326-98e3e4986afa,43cbd321-a458-488f-bb1d-9ca62faf4307,d24ca107-1a89-4546-bdf1-a7381cd3f85c,registrar_apply,تطبيق قرار سحب الملف,6,a8ebca48-9334-4428-95fe-0830cb45c484,0e6784cb-0636-4ecb-9e46-f422be41e1ad,15b0f3cd-29d8-4eb1-ad15-bb9026986dbc,,,,completed,2026-07-27 10:59:09.410644+00,2026-07-27 10:59:10.666773+00,15b0f3cd-29d8-4eb1-ad15-bb9026986dbc,applied,TEST_ONLY_FIRST_DELIVERY_FIVE_SERVICES_REAL_GO_LIVE,"{""action_type"": ""apply_decision"", ""direct_assignment_id"": ""cc000003-0000-4000-8000-000000000003""}",2026-07-27 10:59:02.863178+00,2026-07-27 10:59:10.666773+00
87100e4f-fdc6-4336-bbf8-1d6e7f625e15,4953f79c-fcf1-4119-8ef3-a0c6c240534f,8539d4a3-b201-41bd-bbd7-7a6bb169e9bd,76a92f9c-3c1b-4b92-8351-10711bac6abb,dean_approval,موافقة العميد,4,bd3616b0-2322-4087-b9b8-b1f0ec244914,c7347947-789b-405a-b6e5-d58c97104438,fb59542d-d410-4fa4-88d3-1e3e2fabe014,,,,completed,2026-07-27 07:49:09.917045+00,2026-07-27 07:49:20.16997+00,fb59542d-d410-4fa4-88d3-1e3e2fabe014,approved,TEST_ONLY_FIRST_DELIVERY_5_SERVICES,"{""action_type"": ""approve"", ""direct_assignment_id"": ""cc000008-0000-4000-8000-000000000008""}",2026-07-27 07:48:37.686692+00,2026-07-27 07:49:20.16997+00
873ea8d2-e3aa-4c47-9c2e-e152ec4c8298,4cf1fda2-0218-4403-a676-a6697b08aa34,43cbd321-a458-488f-bb1d-9ca62faf4307,d24ca107-1a89-4546-bdf1-a7381cd3f85c,registrar_apply,تطبيق قرار سحب الملف,6,a8ebca48-9334-4428-95fe-0830cb45c484,0e6784cb-0636-4ecb-9e46-f422be41e1ad,15b0f3cd-29d8-4eb1-ad15-bb9026986dbc,,,,completed,2026-07-27 07:54:12.604824+00,2026-07-27 07:54:24.615402+00,15b0f3cd-29d8-4eb1-ad15-bb9026986dbc,applied,TEST_ONLY_FIRST_DELIVERY_5_SERVICES,"{""action_type"": ""apply_decision"", ""direct_assignment_id"": ""cc000003-0000-4000-8000-000000000003""}",2026-07-27 07:53:11.833723+00,2026-07-27 07:54:24.615402+00
87afb93c-01b0-4015-9668-2e0c579491b2,53710937-4a69-4fc6-96b1-c2727c551c6e,43cbd321-a458-488f-bb1d-9ca62faf4307,799a0802-ada5-419d-809d-ae40ac3e36b7,student_affairs_intake,استلام شؤون الطلاب,1,44d05dea-1a26-4451-a384-d3f01dd88ed9,32ee5cec-9b61-494d-afc9-7a7dbee19db5,24406961-d8b2-4db7-8896-0ef82039d75f,,,,completed,2026-07-27 10:59:56.375776+00,2026-07-27 10:59:57.903697+00,24406961-d8b2-4db7-8896-0ef82039d75f,reviewed,TEST_ONLY_FIRST_DELIVERY_FIVE_SERVICES_REAL_GO_LIVE,"{""action_type"": ""review"", ""direct_assignment_id"": ""cc000001-0000-4000-8000-000000000001""}",2026-07-27 10:59:56.375776+00,2026-07-27 10:59:57.903697+00
88fed604-6d3a-4a42-9143-09986e68138c,421429ec-f165-4e07-bc3b-278268ec4f33,8539d4a3-b201-41bd-bbd7-7a6bb169e9bd,08a76eb5-0518-4e72-afab-d86a821b0c70,target_department_head_approval,موافقة رئيس القسم المطلوب,3,fc58655d-326a-462f-9f66-cab6d32cc8fa,06b461ab-8f47-4d4c-8ffa-fc8c23f80620,,,,bb000002-0000-4000-8000-000000000002,completed,2026-07-27 10:59:36.873452+00,2026-07-27 10:59:38.318871+00,4b45ddf7-140a-44b1-a452-e51c182aab5d,approved,TEST_ONLY_FIRST_DELIVERY_FIVE_SERVICES_REAL_GO_LIVE,"{""action_type"": ""approve"", ""direct_assignment_id"": ""cc000010-0000-4000-8000-000000000010""}",2026-07-27 10:59:34.014805+00,2026-07-27 10:59:38.318871+00
8b8bfab4-5477-4f9e-8d7b-3699e8d6c6d2,24b7ba1f-04c9-44c1-a188-52f74ef908bb,88f0b63c-0977-425e-8c08-df0e946f30b0,9633e070-c930-4100-b256-6e341a81f3b3,manager_review,مراجعة مدير شؤون الطلاب,2,44d05dea-1a26-4451-a384-d3f01dd88ed9,92a20288-a166-4ea3-893e-d8a4300c2828,0b2a2543-a77a-4b86-ad7f-8b35f9db6502,,,,completed,2026-07-27 10:58:57.502157+00,2026-07-27 10:58:58.724428+00,0b2a2543-a77a-4b86-ad7f-8b35f9db6502,approved,TEST_ONLY_FIRST_DELIVERY_FIVE_SERVICES_REAL_GO_LIVE,"{""action_type"": ""approve"", ""direct_assignment_id"": ""cc000002-0000-4000-8000-000000000002""}",2026-07-27 10:58:56.255815+00,2026-07-27 10:58:58.724428+00
8e695614-ffef-4149-aca8-dfcbf0c850c1,de9e6c7f-eaec-4d32-9e8c-7ce168d542c5,c8825e7f-8026-4359-b901-ad716bff8707,7d551d1c-c171-4824-add7-ed7a5882f8cc,record_apply,تطبيق العذر في السجل,3,44d05dea-1a26-4451-a384-d3f01dd88ed9,32ee5cec-9b61-494d-afc9-7a7dbee19db5,24406961-d8b2-4db7-8896-0ef82039d75f,,,,completed,2026-07-27 10:59:31.399145+00,2026-07-27 10:59:32.75921+00,24406961-d8b2-4db7-8896-0ef82039d75f,applied,TEST_ONLY_FIRST_DELIVERY_FIVE_SERVICES_REAL_GO_LIVE,"{""action_type"": ""apply_decision"", ""direct_assignment_id"": ""cc000001-0000-4000-8000-000000000001""}",2026-07-27 10:59:28.223218+00,2026-07-27 10:59:32.75921+00
8fc07c29-0c75-4d37-90a8-9157b7db800b,4cf1fda2-0218-4403-a676-a6697b08aa34,43cbd321-a458-488f-bb1d-9ca62faf4307,799a0802-ada5-419d-809d-ae40ac3e36b7,student_affairs_intake,استلام شؤون الطلاب,1,44d05dea-1a26-4451-a384-d3f01dd88ed9,32ee5cec-9b61-494d-afc9-7a7dbee19db5,24406961-d8b2-4db7-8896-0ef82039d75f,,,,completed,2026-07-27 07:53:11.833723+00,2026-07-27 07:53:24.23974+00,24406961-d8b2-4db7-8896-0ef82039d75f,reviewed,TEST_ONLY_FIRST_DELIVERY_5_SERVICES,"{""action_type"": ""review"", ""direct_assignment_id"": ""cc000001-0000-4000-8000-000000000001""}",2026-07-27 07:53:11.833723+00,2026-07-27 07:53:24.23974+00
921ffbdd-5769-4473-aaee-ee5bbd89b036,27e5d06b-c1c6-45d6-b96d-cbf89e18e697,39513c40-6de7-45ab-baea-6bbaebf4707c,10abce0d-3200-4422-9e6c-01a1d2177434,registrar_apply,تطبيق قرار وقف القيد,3,a8ebca48-9334-4428-95fe-0830cb45c484,0e6784cb-0636-4ecb-9e46-f422be41e1ad,15b0f3cd-29d8-4eb1-ad15-bb9026986dbc,,,,completed,2026-07-27 07:28:37.666663+00,2026-07-27 07:47:47.822416+00,15b0f3cd-29d8-4eb1-ad15-bb9026986dbc,applied,TEST_ONLY_FIRST_DELIVERY_5_SERVICES,"{""action_type"": ""apply_decision"", ""direct_assignment_id"": ""cc000003-0000-4000-8000-000000000003""}",2026-07-27 07:21:15.890025+00,2026-07-27 07:47:47.822416+00
9423124b-520c-4a0f-b468-e2bb6f69017d,0f7f11f3-1cdd-492e-a971-5d4479c7e155,43cbd321-a458-488f-bb1d-9ca62faf4307,799a0802-ada5-419d-809d-ae40ac3e36b7,student_affairs_intake,استلام شؤون الطلاب,1,44d05dea-1a26-4451-a384-d3f01dd88ed9,32ee5cec-9b61-494d-afc9-7a7dbee19db5,24406961-d8b2-4db7-8896-0ef82039d75f,,,,completed,2026-07-27 10:54:04.197882+00,2026-07-27 10:54:05.622321+00,24406961-d8b2-4db7-8896-0ef82039d75f,reviewed,TEST_ONLY_FIRST_DELIVERY_FIVE_SERVICES_REAL_GO_LIVE,"{""action_type"": ""review"", ""direct_assignment_id"": ""cc000001-0000-4000-8000-000000000001""}",2026-07-27 10:54:04.197882+00,2026-07-27 10:54:05.622321+00
9579a397-44fb-43ae-a363-dd4fa720aa7b,c3acb770-2a89-441a-93cd-d0ff882a3e4b,39513c40-6de7-45ab-baea-6bbaebf4707c,38a7dd89-6d9e-4b90-a648-a0c0ed8f9854,initial_review,المراجعة الأولية,1,44d05dea-1a26-4451-a384-d3f01dd88ed9,32ee5cec-9b61-494d-afc9-7a7dbee19db5,24406961-d8b2-4db7-8896-0ef82039d75f,,,,completed,2026-07-27 10:59:51.045561+00,2026-07-27 10:59:52.571676+00,24406961-d8b2-4db7-8896-0ef82039d75f,reviewed,TEST_ONLY_FIRST_DELIVERY_FIVE_SERVICES_REAL_GO_LIVE,"{""action_type"": ""review"", ""direct_assignment_id"": ""cc000001-0000-4000-8000-000000000001""}",2026-07-27 10:59:51.045561+00,2026-07-27 10:59:52.571676+00
95b79254-7269-42fd-a01e-15c29490d317,ade49963-0a68-4c87-a24b-5e067c1be7fd,43cbd321-a458-488f-bb1d-9ca62faf4307,d24ca107-1a89-4546-bdf1-a7381cd3f85c,registrar_apply,تطبيق قرار سحب الملف,6,a8ebca48-9334-4428-95fe-0830cb45c484,0e6784cb-0636-4ecb-9e46-f422be41e1ad,15b0f3cd-29d8-4eb1-ad15-bb9026986dbc,,,,pending,,,,,,"{""action_type"": ""apply_decision"", ""direct_assignment_id"": ""cc000003-0000-4000-8000-000000000003""}",2026-07-27 10:53:16.136209+00,2026-07-27 10:53:16.136209+00
98e4bd94-e5af-48ed-b059-0858f6127ea6,c876eb00-4677-4b7b-ba8f-d8a15392f0df,39513c40-6de7-45ab-baea-6bbaebf4707c,37e96c04-060d-431d-9b5d-c640d2baba95,manager_approval,اعتماد مدير شؤون الطلاب,2,44d05dea-1a26-4451-a384-d3f01dd88ed9,92a20288-a166-4ea3-893e-d8a4300c2828,0b2a2543-a77a-4b86-ad7f-8b35f9db6502,,,,pending,,,,,,"{""action_type"": ""approve"", ""direct_assignment_id"": ""cc000002-0000-4000-8000-000000000002""}",2026-07-27 10:52:15.687354+00,2026-07-27 10:52:15.687354+00
9eb0ba4c-073f-470d-8fa9-71c0c2c33c91,4cf1fda2-0218-4403-a676-a6697b08aa34,43cbd321-a458-488f-bb1d-9ca62faf4307,2854d39b-3009-4142-8a01-51fd19fb5632,finance_clearance,المخالصة المالية,5,ff580c59-076b-40ff-9d64-0502d1c1125d,af495507-2cf9-4578-9b39-5a25ca1a6f0a,f0d8a6b1-7845-46bd-8a12-d78ed6af2bfd,,,,completed,2026-07-27 07:54:00.69705+00,2026-07-27 07:54:12.604824+00,f0d8a6b1-7845-46bd-8a12-d78ed6af2bfd,cleared,TEST_ONLY_FIRST_DELIVERY_5_SERVICES,"{""action_type"": ""clear"", ""direct_assignment_id"": ""cc000006-0000-4000-8000-000000000006""}",2026-07-27 07:53:11.833723+00,2026-07-27 07:54:12.604824+00
9f310cc6-ba3f-403c-84bf-80750af7acc0,f2a8e4bb-b305-4dc9-8ec7-570a2c35c993,43cbd321-a458-488f-bb1d-9ca62faf4307,06dd9f7e-c17b-4f42-94b2-757d82fc0cf6,library_clearance,مخالصة المكتبة,2,48e25baf-3ed0-4cde-b128-22d801ce6dd1,544028ec-0590-4119-bf83-7bc6c178fc1a,749a6e5d-eb27-4417-99a4-7abaffe406a3,,,,completed,2026-07-27 10:57:41.666538+00,2026-07-27 10:57:43.093706+00,749a6e5d-eb27-4417-99a4-7abaffe406a3,cleared,TEST_ONLY_FIRST_DELIVERY_FIVE_SERVICES_REAL_GO_LIVE,"{""action_type"": ""clear"", ""direct_assignment_id"": ""cc000004-0000-4000-8000-000000000004""}",2026-07-27 10:57:40.272233+00,2026-07-27 10:57:43.093706+00
9f78107b-194b-4684-bea9-0210a5361c81,4953f79c-fcf1-4119-8ef3-a0c6c240534f,8539d4a3-b201-41bd-bbd7-7a6bb169e9bd,13dfb7f1-e269-44a1-b5bd-154477676883,student_affairs_intake,مراجعة شؤون الطلاب,1,44d05dea-1a26-4451-a384-d3f01dd88ed9,32ee5cec-9b61-494d-afc9-7a7dbee19db5,24406961-d8b2-4db7-8896-0ef82039d75f,,,,completed,2026-07-27 07:48:37.686692+00,2026-07-27 07:48:48.77001+00,24406961-d8b2-4db7-8896-0ef82039d75f,reviewed,TEST_ONLY_FIRST_DELIVERY_5_SERVICES,"{""action_type"": ""review"", ""direct_assignment_id"": ""cc000001-0000-4000-8000-000000000001""}",2026-07-27 07:48:37.686692+00,2026-07-27 07:48:48.77001+00
a1ecd6e8-d0de-462d-9cff-29faf2afc97c,de9e6c7f-eaec-4d32-9e8c-7ce168d542c5,c8825e7f-8026-4359-b901-ad716bff8707,57d9a7ef-26c0-40a5-b004-801fdd8f6e94,manager_review,اعتماد مدير شؤون الطلاب,2,44d05dea-1a26-4451-a384-d3f01dd88ed9,92a20288-a166-4ea3-893e-d8a4300c2828,0b2a2543-a77a-4b86-ad7f-8b35f9db6502,,,,completed,2026-07-27 10:59:29.821489+00,2026-07-27 10:59:31.399145+00,0b2a2543-a77a-4b86-ad7f-8b35f9db6502,approved,TEST_ONLY_FIRST_DELIVERY_FIVE_SERVICES_REAL_GO_LIVE,"{""action_type"": ""approve"", ""direct_assignment_id"": ""cc000002-0000-4000-8000-000000000002""}",2026-07-27 10:59:28.223218+00,2026-07-27 10:59:31.399145+00
a38bddd5-2696-45f6-9d59-78366ee24727,9e97eeac-640b-4778-ba72-3463c1c438d3,39513c40-6de7-45ab-baea-6bbaebf4707c,38a7dd89-6d9e-4b90-a648-a0c0ed8f9854,initial_review,المراجعة الأولية,1,44d05dea-1a26-4451-a384-d3f01dd88ed9,32ee5cec-9b61-494d-afc9-7a7dbee19db5,24406961-d8b2-4db7-8896-0ef82039d75f,,,,completed,2026-07-27 10:58:50.694139+00,2026-07-27 10:58:52.081544+00,24406961-d8b2-4db7-8896-0ef82039d75f,reviewed,TEST_ONLY_FIRST_DELIVERY_FIVE_SERVICES_REAL_GO_LIVE,"{""action_type"": ""review"", ""direct_assignment_id"": ""cc000001-0000-4000-8000-000000000001""}",2026-07-27 10:58:50.694139+00,2026-07-27 10:58:52.081544+00
a6780cda-64fa-45e9-bf9e-4c8130f25856,70ea684d-fe11-4505-8d94-73f035770b39,88f0b63c-0977-425e-8c08-df0e946f30b0,9fc5c3be-a75d-4382-905c-3d83ffd39747,dean_decision,قرار العميد,3,bd3616b0-2322-4087-b9b8-b1f0ec244914,c7347947-789b-405a-b6e5-d58c97104438,fb59542d-d410-4fa4-88d3-1e3e2fabe014,,,,completed,2026-07-27 10:57:35.461497+00,2026-07-27 10:57:36.898031+00,fb59542d-d410-4fa4-88d3-1e3e2fabe014,approved,TEST_ONLY_FIRST_DELIVERY_FIVE_SERVICES_REAL_GO_LIVE,"{""action_type"": ""approve"", ""direct_assignment_id"": ""cc000008-0000-4000-8000-000000000008""}",2026-07-27 10:57:32.388324+00,2026-07-27 10:57:36.898031+00
a71e476e-816c-461a-835b-cff924d62695,6c4ca023-11d4-41e9-91ce-55d353795909,88f0b63c-0977-425e-8c08-df0e946f30b0,9633e070-c930-4100-b256-6e341a81f3b3,manager_review,مراجعة مدير شؤون الطلاب,2,44d05dea-1a26-4451-a384-d3f01dd88ed9,92a20288-a166-4ea3-893e-d8a4300c2828,0b2a2543-a77a-4b86-ad7f-8b35f9db6502,,,,completed,2026-07-27 07:49:39.929346+00,2026-07-27 07:49:48.916195+00,0b2a2543-a77a-4b86-ad7f-8b35f9db6502,approved,TEST_ONLY_FIRST_DELIVERY_5_SERVICES,"{""action_type"": ""approve"", ""direct_assignment_id"": ""cc000002-0000-4000-8000-000000000002""}",2026-07-27 07:49:31.16012+00,2026-07-27 07:49:48.916195+00
a93bb208-97dc-4dac-953c-ea4e9e0e1cf2,0277c36b-462f-410c-830b-6960a01dd163,39513c40-6de7-45ab-baea-6bbaebf4707c,38a7dd89-6d9e-4b90-a648-a0c0ed8f9854,initial_review,المراجعة الأولية,1,44d05dea-1a26-4451-a384-d3f01dd88ed9,32ee5cec-9b61-494d-afc9-7a7dbee19db5,24406961-d8b2-4db7-8896-0ef82039d75f,,,,completed,2026-07-27 07:51:50.376666+00,2026-07-27 07:51:57.336004+00,24406961-d8b2-4db7-8896-0ef82039d75f,reviewed,TEST_ONLY_FIRST_DELIVERY_5_SERVICES,"{""action_type"": ""review"", ""direct_assignment_id"": ""cc000001-0000-4000-8000-000000000001""}",2026-07-27 07:51:50.376666+00,2026-07-27 07:51:57.336004+00
a966ede3-eeca-4ecb-813f-97f203074c77,9e97eeac-640b-4778-ba72-3463c1c438d3,39513c40-6de7-45ab-baea-6bbaebf4707c,10abce0d-3200-4422-9e6c-01a1d2177434,registrar_apply,تطبيق قرار وقف القيد,3,a8ebca48-9334-4428-95fe-0830cb45c484,0e6784cb-0636-4ecb-9e46-f422be41e1ad,15b0f3cd-29d8-4eb1-ad15-bb9026986dbc,,,,completed,2026-07-27 10:58:53.394792+00,2026-07-27 10:58:54.687514+00,15b0f3cd-29d8-4eb1-ad15-bb9026986dbc,applied,TEST_ONLY_FIRST_DELIVERY_FIVE_SERVICES_REAL_GO_LIVE,"{""action_type"": ""apply_decision"", ""direct_assignment_id"": ""cc000003-0000-4000-8000-000000000003""}",2026-07-27 10:58:50.694139+00,2026-07-27 10:58:54.687514+00
aa07f3d6-3057-44d2-8304-739efac44bf0,7df02398-bf56-4c75-b63b-f5ec20e39360,43cbd321-a458-488f-bb1d-9ca62faf4307,77aa599d-8b1a-4cea-a20e-4240c723981b,archive,الأرشفة,7,b9bc6b28-c948-4ef9-b6b0-e74752ea3db4,0e2c5110-9014-43d1-bf80-e3a74a4a17bc,676ecf19-4c7a-45eb-86db-2c141e5a7691,,,,completed,2026-07-27 10:56:25.895101+00,2026-07-27 10:56:27.206515+00,676ecf19-4c7a-45eb-86db-2c141e5a7691,archived,TEST_ONLY_FIRST_DELIVERY_FIVE_SERVICES_REAL_GO_LIVE,"{""action_type"": ""archive"", ""direct_assignment_id"": ""cc000007-0000-4000-8000-000000000007""}",2026-07-27 10:56:18.062779+00,2026-07-27 10:56:27.206515+00
aac64d4b-4627-4ad9-90ff-501ee89032c3,d3f5be81-0760-459b-8d30-a3377ab33aa1,88f0b63c-0977-425e-8c08-df0e946f30b0,90c30f35-f12a-4b5a-bdc9-f649eda6639e,registrar_apply,تطبيق فرصة الاختبار النهائية,5,a8ebca48-9334-4428-95fe-0830cb45c484,0e6784cb-0636-4ecb-9e46-f422be41e1ad,15b0f3cd-29d8-4eb1-ad15-bb9026986dbc,,,,active,2026-07-27 10:54:02.450848+00,,,,,"{""action_type"": ""apply_decision"", ""direct_assignment_id"": ""cc000003-0000-4000-8000-000000000003""}",2026-07-27 10:53:56.606632+00,2026-07-27 10:54:02.450848+00
ab58d570-9b7b-4f5e-a8d3-8373826aa5b4,0f7f11f3-1cdd-492e-a971-5d4479c7e155,43cbd321-a458-488f-bb1d-9ca62faf4307,06dd9f7e-c17b-4f42-94b2-757d82fc0cf6,library_clearance,مخالصة المكتبة,2,48e25baf-3ed0-4cde-b128-22d801ce6dd1,544028ec-0590-4119-bf83-7bc6c178fc1a,749a6e5d-eb27-4417-99a4-7abaffe406a3,,,,completed,2026-07-27 10:54:05.622321+00,2026-07-27 10:54:07.05371+00,749a6e5d-eb27-4417-99a4-7abaffe406a3,cleared,TEST_ONLY_FIRST_DELIVERY_FIVE_SERVICES_REAL_GO_LIVE,"{""action_type"": ""clear"", ""direct_assignment_id"": ""cc000004-0000-4000-8000-000000000004""}",2026-07-27 10:54:04.197882+00,2026-07-27 10:54:07.05371+00
afcf7454-2db4-4aec-ac6a-7b213a562311,d3f5be81-0760-459b-8d30-a3377ab33aa1,88f0b63c-0977-425e-8c08-df0e946f30b0,9633e070-c930-4100-b256-6e341a81f3b3,manager_review,مراجعة مدير شؤون الطلاب,2,44d05dea-1a26-4451-a384-d3f01dd88ed9,92a20288-a166-4ea3-893e-d8a4300c2828,0b2a2543-a77a-4b86-ad7f-8b35f9db6502,,,,completed,2026-07-27 10:53:58.10088+00,2026-07-27 10:53:59.502564+00,0b2a2543-a77a-4b86-ad7f-8b35f9db6502,approved,TEST_ONLY_FIRST_DELIVERY_FIVE_SERVICES_REAL_GO_LIVE,"{""action_type"": ""approve"", ""direct_assignment_id"": ""cc000002-0000-4000-8000-000000000002""}",2026-07-27 10:53:56.606632+00,2026-07-27 10:53:59.502564+00
b4ad9951-a0dc-4ca7-9966-0cf10a6507c6,4cf1fda2-0218-4403-a676-a6697b08aa34,43cbd321-a458-488f-bb1d-9ca62faf4307,77aa599d-8b1a-4cea-a20e-4240c723981b,archive,الأرشفة,7,b9bc6b28-c948-4ef9-b6b0-e74752ea3db4,0e2c5110-9014-43d1-bf80-e3a74a4a17bc,676ecf19-4c7a-45eb-86db-2c141e5a7691,,,,completed,2026-07-27 07:54:24.615402+00,2026-07-27 07:54:36.568654+00,676ecf19-4c7a-45eb-86db-2c141e5a7691,archived,TEST_ONLY_FIRST_DELIVERY_5_SERVICES,"{""action_type"": ""archive"", ""direct_assignment_id"": ""cc000007-0000-4000-8000-000000000007""}",2026-07-27 07:53:11.833723+00,2026-07-27 07:54:36.568654+00
b6573384-5c48-4298-9bc2-ee8e8ed8ac88,bf38217e-9edb-4527-bde2-dc30e56a9f47,88f0b63c-0977-425e-8c08-df0e946f30b0,0d818642-d467-4d2c-a904-f712b3588238,payment_confirmation,تأكيد استلام الرسوم خارج البوابة,4,ff580c59-076b-40ff-9d64-0502d1c1125d,af495507-2cf9-4578-9b39-5a25ca1a6f0a,f0d8a6b1-7845-46bd-8a12-d78ed6af2bfd,,,,pending,,,,,,"{""action_type"": ""confirm_payment"", ""direct_assignment_id"": ""cc000006-0000-4000-8000-000000000006""}",2026-07-27 10:52:18.314494+00,2026-07-27 10:52:18.314494+00
b80f493b-0b9b-4f56-af3d-fa2131e5227d,85d7068a-8443-4a96-b3bb-b7c658616820,43cbd321-a458-488f-bb1d-9ca62faf4307,799a0802-ada5-419d-809d-ae40ac3e36b7,student_affairs_intake,استلام شؤون الطلاب,1,44d05dea-1a26-4451-a384-d3f01dd88ed9,32ee5cec-9b61-494d-afc9-7a7dbee19db5,24406961-d8b2-4db7-8896-0ef82039d75f,,,,completed,2026-07-27 07:50:09.100699+00,2026-07-27 07:50:23.548069+00,24406961-d8b2-4db7-8896-0ef82039d75f,reviewed,TEST_ONLY_FIRST_DELIVERY_5_SERVICES,"{""action_type"": ""review"", ""direct_assignment_id"": ""cc000001-0000-4000-8000-000000000001""}",2026-07-27 07:50:09.100699+00,2026-07-27 07:50:23.548069+00
b8c933fb-fb20-4f9f-9d86-1e899d357233,c3acb770-2a89-441a-93cd-d0ff882a3e4b,39513c40-6de7-45ab-baea-6bbaebf4707c,37e96c04-060d-431d-9b5d-c640d2baba95,manager_approval,اعتماد مدير شؤون الطلاب,2,44d05dea-1a26-4451-a384-d3f01dd88ed9,92a20288-a166-4ea3-893e-d8a4300c2828,0b2a2543-a77a-4b86-ad7f-8b35f9db6502,,,,completed,2026-07-27 10:59:52.571676+00,2026-07-27 10:59:54.005579+00,0b2a2543-a77a-4b86-ad7f-8b35f9db6502,approved,TEST_ONLY_FIRST_DELIVERY_FIVE_SERVICES_REAL_GO_LIVE,"{""action_type"": ""approve"", ""direct_assignment_id"": ""cc000002-0000-4000-8000-000000000002""}",2026-07-27 10:59:51.045561+00,2026-07-27 10:59:54.005579+00
bb912160-7a0b-4c29-981c-35731db0a58f,70ea684d-fe11-4505-8d94-73f035770b39,88f0b63c-0977-425e-8c08-df0e946f30b0,ffc168e0-588f-4fc3-8f59-2c86102fe593,student_affairs_intake,مراجعة شؤون الطلاب,1,44d05dea-1a26-4451-a384-d3f01dd88ed9,32ee5cec-9b61-494d-afc9-7a7dbee19db5,24406961-d8b2-4db7-8896-0ef82039d75f,,,,completed,2026-07-27 10:57:32.388324+00,2026-07-27 10:57:34.017222+00,24406961-d8b2-4db7-8896-0ef82039d75f,reviewed,TEST_ONLY_FIRST_DELIVERY_FIVE_SERVICES_REAL_GO_LIVE,"{""action_type"": ""review"", ""direct_assignment_id"": ""cc000001-0000-4000-8000-000000000001""}",2026-07-27 10:57:32.388324+00,2026-07-27 10:57:34.017222+00
bbb525ff-d83a-43c6-97de-ce3622d8d8fb,47e6eefe-7ff4-48a0-9c50-bf10af63a99a,88f0b63c-0977-425e-8c08-df0e946f30b0,ffc168e0-588f-4fc3-8f59-2c86102fe593,student_affairs_intake,مراجعة شؤون الطلاب,1,44d05dea-1a26-4451-a384-d3f01dd88ed9,32ee5cec-9b61-494d-afc9-7a7dbee19db5,24406961-d8b2-4db7-8896-0ef82039d75f,,,,completed,2026-07-27 10:56:09.992406+00,2026-07-27 10:56:12.112143+00,24406961-d8b2-4db7-8896-0ef82039d75f,reviewed,TEST_ONLY_FIRST_DELIVERY_FIVE_SERVICES_REAL_GO_LIVE,"{""action_type"": ""review"", ""direct_assignment_id"": ""cc000001-0000-4000-8000-000000000001""}",2026-07-27 10:56:09.992406+00,2026-07-27 10:56:12.112143+00
bc534961-0817-41a4-88ad-dd9a6462eaae,54b96b02-872d-4c8e-b326-98e3e4986afa,43cbd321-a458-488f-bb1d-9ca62faf4307,06dd9f7e-c17b-4f42-94b2-757d82fc0cf6,library_clearance,مخالصة المكتبة,2,48e25baf-3ed0-4cde-b128-22d801ce6dd1,544028ec-0590-4119-bf83-7bc6c178fc1a,749a6e5d-eb27-4417-99a4-7abaffe406a3,,,,completed,2026-07-27 10:59:04.221028+00,2026-07-27 10:59:05.591701+00,749a6e5d-eb27-4417-99a4-7abaffe406a3,cleared,TEST_ONLY_FIRST_DELIVERY_FIVE_SERVICES_REAL_GO_LIVE,"{""action_type"": ""clear"", ""direct_assignment_id"": ""cc000004-0000-4000-8000-000000000004""}",2026-07-27 10:59:02.863178+00,2026-07-27 10:59:05.591701+00
bd96e7be-490c-41e3-a5a3-6377c6466d20,4cf1fda2-0218-4403-a676-a6697b08aa34,43cbd321-a458-488f-bb1d-9ca62faf4307,80fd697c-86ca-4454-831d-0309f6932cc3,labs_clearance,مخالصة المعامل,3,e54caf55-d0b1-424b-8513-a30466fec693,7ad4e3cf-1211-4d21-a4fe-4360cfa16a78,b8b50c98-f26c-413b-a585-fafd0abfaa21,,,,completed,2026-07-27 07:53:36.11791+00,2026-07-27 07:53:47.813771+00,b8b50c98-f26c-413b-a585-fafd0abfaa21,cleared,TEST_ONLY_FIRST_DELIVERY_5_SERVICES,"{""action_type"": ""clear"", ""direct_assignment_id"": ""cc000005-0000-4000-8000-000000000005""}",2026-07-27 07:53:11.833723+00,2026-07-27 07:53:47.813771+00
bdba4d82-16cc-4cfe-b9ba-167a15e20d4b,54b96b02-872d-4c8e-b326-98e3e4986afa,43cbd321-a458-488f-bb1d-9ca62faf4307,80fd697c-86ca-4454-831d-0309f6932cc3,labs_clearance,مخالصة المعامل,3,e54caf55-d0b1-424b-8513-a30466fec693,7ad4e3cf-1211-4d21-a4fe-4360cfa16a78,b8b50c98-f26c-413b-a585-fafd0abfaa21,,,,completed,2026-07-27 10:59:05.591701+00,2026-07-27 10:59:06.902029+00,b8b50c98-f26c-413b-a585-fafd0abfaa21,cleared,TEST_ONLY_FIRST_DELIVERY_FIVE_SERVICES_REAL_GO_LIVE,"{""action_type"": ""clear"", ""direct_assignment_id"": ""cc000005-0000-4000-8000-000000000005""}",2026-07-27 10:59:02.863178+00,2026-07-27 10:59:06.902029+00
c0c23633-01b1-4d74-8dd8-c7371da582c6,421429ec-f165-4e07-bc3b-278268ec4f33,8539d4a3-b201-41bd-bbd7-7a6bb169e9bd,1dfb67c0-c8eb-47b2-887c-7c33a24c9b16,payment_confirmation,تأكيد استلام الرسوم خارج البوابة,5,ff580c59-076b-40ff-9d64-0502d1c1125d,af495507-2cf9-4578-9b39-5a25ca1a6f0a,f0d8a6b1-7845-46bd-8a12-d78ed6af2bfd,,,,completed,2026-07-27 10:59:39.737994+00,2026-07-27 10:59:41.307135+00,f0d8a6b1-7845-46bd-8a12-d78ed6af2bfd,payment_confirmed,TEST_ONLY_FIRST_DELIVERY_FIVE_SERVICES_REAL_GO_LIVE,"{""action_type"": ""confirm_payment"", ""direct_assignment_id"": ""cc000006-0000-4000-8000-000000000006""}",2026-07-27 10:59:34.014805+00,2026-07-27 10:59:41.307135+00
c0e5c17d-25af-4a19-9750-9d75fcdad14b,fda9e39c-ab82-44e2-aef6-0b422d401e0e,88f0b63c-0977-425e-8c08-df0e946f30b0,ffc168e0-588f-4fc3-8f59-2c86102fe593,student_affairs_intake,مراجعة شؤون الطلاب,1,44d05dea-1a26-4451-a384-d3f01dd88ed9,32ee5cec-9b61-494d-afc9-7a7dbee19db5,24406961-d8b2-4db7-8896-0ef82039d75f,,,,active,2026-07-27 10:53:14.308204+00,,,,,"{""action_type"": ""review"", ""direct_assignment_id"": ""cc000001-0000-4000-8000-000000000001""}",2026-07-27 10:53:14.308204+00,2026-07-27 10:53:14.308204+00
c27f7b72-5edf-44ec-ba72-faa368fb84bb,fda9e39c-ab82-44e2-aef6-0b422d401e0e,88f0b63c-0977-425e-8c08-df0e946f30b0,90c30f35-f12a-4b5a-bdc9-f649eda6639e,registrar_apply,تطبيق فرصة الاختبار النهائية,5,a8ebca48-9334-4428-95fe-0830cb45c484,0e6784cb-0636-4ecb-9e46-f422be41e1ad,15b0f3cd-29d8-4eb1-ad15-bb9026986dbc,,,,pending,,,,,,"{""action_type"": ""apply_decision"", ""direct_assignment_id"": ""cc000003-0000-4000-8000-000000000003""}",2026-07-27 10:53:14.308204+00,2026-07-27 10:53:14.308204+00
cbb95323-bc9b-43dd-a5e6-df26447306c6,e8f72662-5dd6-45d2-9bab-555c39f7a136,39513c40-6de7-45ab-baea-6bbaebf4707c,10abce0d-3200-4422-9e6c-01a1d2177434,registrar_apply,تطبيق قرار وقف القيد,3,a8ebca48-9334-4428-95fe-0830cb45c484,0e6784cb-0636-4ecb-9e46-f422be41e1ad,15b0f3cd-29d8-4eb1-ad15-bb9026986dbc,,,,completed,2026-07-27 07:48:13.811669+00,2026-07-27 07:48:20.016507+00,15b0f3cd-29d8-4eb1-ad15-bb9026986dbc,applied,TEST_ONLY_FIRST_DELIVERY_5_SERVICES,"{""action_type"": ""apply_decision"", ""direct_assignment_id"": ""cc000003-0000-4000-8000-000000000003""}",2026-07-27 07:48:00.64458+00,2026-07-27 07:48:20.016507+00
cc992b3a-1b2b-4a6d-ac0c-c47c46eae6de,bf38217e-9edb-4527-bde2-dc30e56a9f47,88f0b63c-0977-425e-8c08-df0e946f30b0,9633e070-c930-4100-b256-6e341a81f3b3,manager_review,مراجعة مدير شؤون الطلاب,2,44d05dea-1a26-4451-a384-d3f01dd88ed9,92a20288-a166-4ea3-893e-d8a4300c2828,0b2a2543-a77a-4b86-ad7f-8b35f9db6502,,,,pending,,,,,,"{""action_type"": ""approve"", ""direct_assignment_id"": ""cc000002-0000-4000-8000-000000000002""}",2026-07-27 10:52:18.314494+00,2026-07-27 10:52:18.314494+00
ccf5ea8a-d828-4f0b-9157-6c3e5252d1d8,7df02398-bf56-4c75-b63b-f5ec20e39360,43cbd321-a458-488f-bb1d-9ca62faf4307,a4ea9681-d127-442a-a5a8-bd6e0e11e52b,activities_clearance,مخالصة الأنشطة,4,44d05dea-1a26-4451-a384-d3f01dd88ed9,92a20288-a166-4ea3-893e-d8a4300c2828,0b2a2543-a77a-4b86-ad7f-8b35f9db6502,,,,completed,2026-07-27 10:56:22.003457+00,2026-07-27 10:56:23.329384+00,0b2a2543-a77a-4b86-ad7f-8b35f9db6502,cleared,TEST_ONLY_FIRST_DELIVERY_FIVE_SERVICES_REAL_GO_LIVE,"{""action_type"": ""clear"", ""direct_assignment_id"": ""cc000002-0000-4000-8000-000000000002""}",2026-07-27 10:56:18.062779+00,2026-07-27 10:56:23.329384+00
cde570c0-9ba6-4be7-80d4-f69efe29cf24,54b96b02-872d-4c8e-b326-98e3e4986afa,43cbd321-a458-488f-bb1d-9ca62faf4307,799a0802-ada5-419d-809d-ae40ac3e36b7,student_affairs_intake,استلام شؤون الطلاب,1,44d05dea-1a26-4451-a384-d3f01dd88ed9,32ee5cec-9b61-494d-afc9-7a7dbee19db5,24406961-d8b2-4db7-8896-0ef82039d75f,,,,completed,2026-07-27 10:59:02.863178+00,2026-07-27 10:59:04.221028+00,24406961-d8b2-4db7-8896-0ef82039d75f,reviewed,TEST_ONLY_FIRST_DELIVERY_FIVE_SERVICES_REAL_GO_LIVE,"{""action_type"": ""review"", ""direct_assignment_id"": ""cc000001-0000-4000-8000-000000000001""}",2026-07-27 10:59:02.863178+00,2026-07-27 10:59:04.221028+00
ce4cf26f-38dd-4e05-a1cb-f4ed783e2041,53710937-4a69-4fc6-96b1-c2727c551c6e,43cbd321-a458-488f-bb1d-9ca62faf4307,06dd9f7e-c17b-4f42-94b2-757d82fc0cf6,library_clearance,مخالصة المكتبة,2,48e25baf-3ed0-4cde-b128-22d801ce6dd1,544028ec-0590-4119-bf83-7bc6c178fc1a,749a6e5d-eb27-4417-99a4-7abaffe406a3,,,,completed,2026-07-27 10:59:57.903697+00,2026-07-27 10:59:59.312359+00,749a6e5d-eb27-4417-99a4-7abaffe406a3,cleared,TEST_ONLY_FIRST_DELIVERY_FIVE_SERVICES_REAL_GO_LIVE,"{""action_type"": ""clear"", ""direct_assignment_id"": ""cc000004-0000-4000-8000-000000000004""}",2026-07-27 10:59:56.375776+00,2026-07-27 10:59:59.312359+00
cfe89818-b58c-44b6-8508-ba4c823ec51f,53710937-4a69-4fc6-96b1-c2727c551c6e,43cbd321-a458-488f-bb1d-9ca62faf4307,77aa599d-8b1a-4cea-a20e-4240c723981b,archive,الأرشفة,7,b9bc6b28-c948-4ef9-b6b0-e74752ea3db4,0e2c5110-9014-43d1-bf80-e3a74a4a17bc,676ecf19-4c7a-45eb-86db-2c141e5a7691,,,,completed,2026-07-27 11:00:05.363295+00,2026-07-27 11:00:06.832899+00,676ecf19-4c7a-45eb-86db-2c141e5a7691,archived,TEST_ONLY_FIRST_DELIVERY_FIVE_SERVICES_REAL_GO_LIVE,"{""action_type"": ""archive"", ""direct_assignment_id"": ""cc000007-0000-4000-8000-000000000007""}",2026-07-27 10:59:56.375776+00,2026-07-27 11:00:06.832899+00
d11114a2-786e-4fc0-bcfa-4cd9c87e8bd0,ade49963-0a68-4c87-a24b-5e067c1be7fd,43cbd321-a458-488f-bb1d-9ca62faf4307,a4ea9681-d127-442a-a5a8-bd6e0e11e52b,activities_clearance,مخالصة الأنشطة,4,44d05dea-1a26-4451-a384-d3f01dd88ed9,92a20288-a166-4ea3-893e-d8a4300c2828,0b2a2543-a77a-4b86-ad7f-8b35f9db6502,,,,pending,,,,,,"{""action_type"": ""clear"", ""direct_assignment_id"": ""cc000002-0000-4000-8000-000000000002""}",2026-07-27 10:53:16.136209+00,2026-07-27 10:53:16.136209+00
d2ef70ff-1161-4f22-be34-ab1da624cb45,f2a8e4bb-b305-4dc9-8ec7-570a2c35c993,43cbd321-a458-488f-bb1d-9ca62faf4307,799a0802-ada5-419d-809d-ae40ac3e36b7,student_affairs_intake,استلام شؤون الطلاب,1,44d05dea-1a26-4451-a384-d3f01dd88ed9,32ee5cec-9b61-494d-afc9-7a7dbee19db5,24406961-d8b2-4db7-8896-0ef82039d75f,,,,completed,2026-07-27 10:57:40.272233+00,2026-07-27 10:57:41.666538+00,24406961-d8b2-4db7-8896-0ef82039d75f,reviewed,TEST_ONLY_FIRST_DELIVERY_FIVE_SERVICES_REAL_GO_LIVE,"{""action_type"": ""review"", ""direct_assignment_id"": ""cc000001-0000-4000-8000-000000000001""}",2026-07-27 10:57:40.272233+00,2026-07-27 10:57:41.666538+00
d34f8fa6-38ef-4784-b597-ca4822da08a5,e8f72662-5dd6-45d2-9bab-555c39f7a136,39513c40-6de7-45ab-baea-6bbaebf4707c,37e96c04-060d-431d-9b5d-c640d2baba95,manager_approval,اعتماد مدير شؤون الطلاب,2,44d05dea-1a26-4451-a384-d3f01dd88ed9,92a20288-a166-4ea3-893e-d8a4300c2828,0b2a2543-a77a-4b86-ad7f-8b35f9db6502,,,,completed,2026-07-27 07:48:07.790878+00,2026-07-27 07:48:13.811669+00,0b2a2543-a77a-4b86-ad7f-8b35f9db6502,approved,TEST_ONLY_FIRST_DELIVERY_5_SERVICES,"{""action_type"": ""approve"", ""direct_assignment_id"": ""cc000002-0000-4000-8000-000000000002""}",2026-07-27 07:48:00.64458+00,2026-07-27 07:48:13.811669+00
d42f271c-450e-4037-8f5e-eba76585a9eb,70ea684d-fe11-4505-8d94-73f035770b39,88f0b63c-0977-425e-8c08-df0e946f30b0,0d818642-d467-4d2c-a904-f712b3588238,payment_confirmation,تأكيد استلام الرسوم خارج البوابة,4,ff580c59-076b-40ff-9d64-0502d1c1125d,af495507-2cf9-4578-9b39-5a25ca1a6f0a,f0d8a6b1-7845-46bd-8a12-d78ed6af2bfd,,,,completed,2026-07-27 10:57:36.898031+00,2026-07-27 10:57:38.377075+00,f0d8a6b1-7845-46bd-8a12-d78ed6af2bfd,payment_confirmed,TEST_ONLY_FIRST_DELIVERY_FIVE_SERVICES_REAL_GO_LIVE,"{""action_type"": ""confirm_payment"", ""direct_assignment_id"": ""cc000006-0000-4000-8000-000000000006""}",2026-07-27 10:57:32.388324+00,2026-07-27 10:57:38.377075+00
d76d8cc2-ee1c-4653-962f-612520f9473b,53710937-4a69-4fc6-96b1-c2727c551c6e,43cbd321-a458-488f-bb1d-9ca62faf4307,a4ea9681-d127-442a-a5a8-bd6e0e11e52b,activities_clearance,مخالصة الأنشطة,4,44d05dea-1a26-4451-a384-d3f01dd88ed9,92a20288-a166-4ea3-893e-d8a4300c2828,0b2a2543-a77a-4b86-ad7f-8b35f9db6502,,,,completed,2026-07-27 11:00:00.811177+00,2026-07-27 11:00:02.399359+00,0b2a2543-a77a-4b86-ad7f-8b35f9db6502,cleared,TEST_ONLY_FIRST_DELIVERY_FIVE_SERVICES_REAL_GO_LIVE,"{""action_type"": ""clear"", ""direct_assignment_id"": ""cc000002-0000-4000-8000-000000000002""}",2026-07-27 10:59:56.375776+00,2026-07-27 11:00:02.399359+00
d76db599-70d5-47fa-b220-8bf8cbb90ee6,4953f79c-fcf1-4119-8ef3-a0c6c240534f,8539d4a3-b201-41bd-bbd7-7a6bb169e9bd,08a76eb5-0518-4e72-afab-d86a821b0c70,target_department_head_approval,موافقة رئيس القسم المطلوب,3,fc58655d-326a-462f-9f66-cab6d32cc8fa,06b461ab-8f47-4d4c-8ffa-fc8c23f80620,,,,bb000002-0000-4000-8000-000000000002,completed,2026-07-27 07:48:59.840255+00,2026-07-27 07:49:09.917045+00,4b45ddf7-140a-44b1-a452-e51c182aab5d,approved,TEST_ONLY_FIRST_DELIVERY_5_SERVICES,"{""action_type"": ""approve"", ""direct_assignment_id"": ""cc000010-0000-4000-8000-000000000010""}",2026-07-27 07:48:37.686692+00,2026-07-27 07:49:09.917045+00
d94670cc-09a0-4e73-ba53-ade5bcce5dbc,ade49963-0a68-4c87-a24b-5e067c1be7fd,43cbd321-a458-488f-bb1d-9ca62faf4307,77aa599d-8b1a-4cea-a20e-4240c723981b,archive,الأرشفة,7,b9bc6b28-c948-4ef9-b6b0-e74752ea3db4,0e2c5110-9014-43d1-bf80-e3a74a4a17bc,676ecf19-4c7a-45eb-86db-2c141e5a7691,,,,pending,,,,,,"{""action_type"": ""archive"", ""direct_assignment_id"": ""cc000007-0000-4000-8000-000000000007""}",2026-07-27 10:53:16.136209+00,2026-07-27 10:53:16.136209+00
da470da6-6ef5-4fd6-834a-bdfe3520535a,e3cc0366-b6fc-4d64-8c01-541030f83b00,c8825e7f-8026-4359-b901-ad716bff8707,57d9a7ef-26c0-40a5-b004-801fdd8f6e94,manager_review,اعتماد مدير شؤون الطلاب,2,44d05dea-1a26-4451-a384-d3f01dd88ed9,92a20288-a166-4ea3-893e-d8a4300c2828,0b2a2543-a77a-4b86-ad7f-8b35f9db6502,,,,completed,2026-07-27 07:52:16.67689+00,2026-07-27 07:52:22.717798+00,0b2a2543-a77a-4b86-ad7f-8b35f9db6502,approved,TEST_ONLY_FIRST_DELIVERY_5_SERVICES,"{""action_type"": ""approve"", ""direct_assignment_id"": ""cc000002-0000-4000-8000-000000000002""}",2026-07-27 07:52:11.960447+00,2026-07-27 07:52:22.717798+00
daa82549-a8be-4a22-9339-367ddc9bebd4,0f7f11f3-1cdd-492e-a971-5d4479c7e155,43cbd321-a458-488f-bb1d-9ca62faf4307,80fd697c-86ca-4454-831d-0309f6932cc3,labs_clearance,مخالصة المعامل,3,e54caf55-d0b1-424b-8513-a30466fec693,7ad4e3cf-1211-4d21-a4fe-4360cfa16a78,b8b50c98-f26c-413b-a585-fafd0abfaa21,,,,completed,2026-07-27 10:54:07.05371+00,2026-07-27 10:54:08.467092+00,b8b50c98-f26c-413b-a585-fafd0abfaa21,cleared,TEST_ONLY_FIRST_DELIVERY_FIVE_SERVICES_REAL_GO_LIVE,"{""action_type"": ""clear"", ""direct_assignment_id"": ""cc000005-0000-4000-8000-000000000005""}",2026-07-27 10:54:04.197882+00,2026-07-27 10:54:08.467092+00
db0002ab-4cb5-4011-a278-eab386048220,85d7068a-8443-4a96-b3bb-b7c658616820,43cbd321-a458-488f-bb1d-9ca62faf4307,d24ca107-1a89-4546-bdf1-a7381cd3f85c,registrar_apply,تطبيق قرار سحب الملف,6,a8ebca48-9334-4428-95fe-0830cb45c484,0e6784cb-0636-4ecb-9e46-f422be41e1ad,15b0f3cd-29d8-4eb1-ad15-bb9026986dbc,,,,completed,2026-07-27 07:51:12.613043+00,2026-07-27 07:51:24.371256+00,15b0f3cd-29d8-4eb1-ad15-bb9026986dbc,applied,TEST_ONLY_FIRST_DELIVERY_5_SERVICES,"{""action_type"": ""apply_decision"", ""direct_assignment_id"": ""cc000003-0000-4000-8000-000000000003""}",2026-07-27 07:50:09.100699+00,2026-07-27 07:51:24.371256+00
dc4993b3-8488-4fbd-b072-2aa1c75799be,4953f79c-fcf1-4119-8ef3-a0c6c240534f,8539d4a3-b201-41bd-bbd7-7a6bb169e9bd,11ba9144-d8fd-4b52-82bb-978ba6911daf,registrar_apply,تطبيق قرار التحويل,6,a8ebca48-9334-4428-95fe-0830cb45c484,0e6784cb-0636-4ecb-9e46-f422be41e1ad,15b0f3cd-29d8-4eb1-ad15-bb9026986dbc,,,,completed,2026-07-27 07:52:40.073096+00,2026-07-27 07:52:50.412137+00,15b0f3cd-29d8-4eb1-ad15-bb9026986dbc,applied,TEST_ONLY_FIRST_DELIVERY_5_SERVICES,"{""action_type"": ""apply_decision"", ""direct_assignment_id"": ""cc000003-0000-4000-8000-000000000003""}",2026-07-27 07:48:37.686692+00,2026-07-27 07:52:50.412137+00
dc518c3c-efb0-4384-bd1b-9881e4a28d9a,54b96b02-872d-4c8e-b326-98e3e4986afa,43cbd321-a458-488f-bb1d-9ca62faf4307,2854d39b-3009-4142-8a01-51fd19fb5632,finance_clearance,المخالصة المالية,5,ff580c59-076b-40ff-9d64-0502d1c1125d,af495507-2cf9-4578-9b39-5a25ca1a6f0a,f0d8a6b1-7845-46bd-8a12-d78ed6af2bfd,,,,completed,2026-07-27 10:59:08.193177+00,2026-07-27 10:59:09.410644+00,f0d8a6b1-7845-46bd-8a12-d78ed6af2bfd,cleared,TEST_ONLY_FIRST_DELIVERY_FIVE_SERVICES_REAL_GO_LIVE,"{""action_type"": ""clear"", ""direct_assignment_id"": ""cc000006-0000-4000-8000-000000000006""}",2026-07-27 10:59:02.863178+00,2026-07-27 10:59:09.410644+00
dd11835b-4bbf-4382-9d55-ff66c222cffe,421429ec-f165-4e07-bc3b-278268ec4f33,8539d4a3-b201-41bd-bbd7-7a6bb169e9bd,13dfb7f1-e269-44a1-b5bd-154477676883,student_affairs_intake,مراجعة شؤون الطلاب,1,44d05dea-1a26-4451-a384-d3f01dd88ed9,32ee5cec-9b61-494d-afc9-7a7dbee19db5,24406961-d8b2-4db7-8896-0ef82039d75f,,,,completed,2026-07-27 10:59:34.014805+00,2026-07-27 10:59:35.43031+00,24406961-d8b2-4db7-8896-0ef82039d75f,reviewed,TEST_ONLY_FIRST_DELIVERY_FIVE_SERVICES_REAL_GO_LIVE,"{""action_type"": ""review"", ""direct_assignment_id"": ""cc000001-0000-4000-8000-000000000001""}",2026-07-27 10:59:34.014805+00,2026-07-27 10:59:35.43031+00
dd44bc54-e200-4f52-9ce1-62ae758a96b5,47e6eefe-7ff4-48a0-9c50-bf10af63a99a,88f0b63c-0977-425e-8c08-df0e946f30b0,0d818642-d467-4d2c-a904-f712b3588238,payment_confirmation,تأكيد استلام الرسوم خارج البوابة,4,ff580c59-076b-40ff-9d64-0502d1c1125d,af495507-2cf9-4578-9b39-5a25ca1a6f0a,f0d8a6b1-7845-46bd-8a12-d78ed6af2bfd,,,,completed,2026-07-27 10:56:14.8177+00,2026-07-27 10:56:16.263227+00,f0d8a6b1-7845-46bd-8a12-d78ed6af2bfd,payment_confirmed,TEST_ONLY_FIRST_DELIVERY_FIVE_SERVICES_REAL_GO_LIVE,"{""action_type"": ""confirm_payment"", ""direct_assignment_id"": ""cc000006-0000-4000-8000-000000000006""}",2026-07-27 10:56:09.992406+00,2026-07-27 10:56:16.263227+00
ddefee47-5819-4bda-a6c3-c28720825108,d3f5be81-0760-459b-8d30-a3377ab33aa1,88f0b63c-0977-425e-8c08-df0e946f30b0,9fc5c3be-a75d-4382-905c-3d83ffd39747,dean_decision,قرار العميد,3,bd3616b0-2322-4087-b9b8-b1f0ec244914,c7347947-789b-405a-b6e5-d58c97104438,fb59542d-d410-4fa4-88d3-1e3e2fabe014,,,,completed,2026-07-27 10:53:59.502564+00,2026-07-27 10:54:00.949843+00,fb59542d-d410-4fa4-88d3-1e3e2fabe014,approved,TEST_ONLY_FIRST_DELIVERY_FIVE_SERVICES_REAL_GO_LIVE,"{""action_type"": ""approve"", ""direct_assignment_id"": ""cc000008-0000-4000-8000-000000000008""}",2026-07-27 10:53:56.606632+00,2026-07-27 10:54:00.949843+00
e05a367a-4f57-4587-aa64-c331a8d39a98,d3f5be81-0760-459b-8d30-a3377ab33aa1,88f0b63c-0977-425e-8c08-df0e946f30b0,0d818642-d467-4d2c-a904-f712b3588238,payment_confirmation,تأكيد استلام الرسوم خارج البوابة,4,ff580c59-076b-40ff-9d64-0502d1c1125d,af495507-2cf9-4578-9b39-5a25ca1a6f0a,f0d8a6b1-7845-46bd-8a12-d78ed6af2bfd,,,,completed,2026-07-27 10:54:00.949843+00,2026-07-27 10:54:02.450848+00,f0d8a6b1-7845-46bd-8a12-d78ed6af2bfd,payment_confirmed,TEST_ONLY_FIRST_DELIVERY_FIVE_SERVICES_REAL_GO_LIVE,"{""action_type"": ""confirm_payment"", ""direct_assignment_id"": ""cc000006-0000-4000-8000-000000000006""}",2026-07-27 10:53:56.606632+00,2026-07-27 10:54:02.450848+00
e0c27ce3-d59b-4de7-91b9-8918bdd3f0aa,85d7068a-8443-4a96-b3bb-b7c658616820,43cbd321-a458-488f-bb1d-9ca62faf4307,80fd697c-86ca-4454-831d-0309f6932cc3,labs_clearance,مخالصة المعامل,3,e54caf55-d0b1-424b-8513-a30466fec693,7ad4e3cf-1211-4d21-a4fe-4360cfa16a78,b8b50c98-f26c-413b-a585-fafd0abfaa21,,,,completed,2026-07-27 07:50:35.666818+00,2026-07-27 07:50:47.620489+00,b8b50c98-f26c-413b-a585-fafd0abfaa21,cleared,TEST_ONLY_FIRST_DELIVERY_5_SERVICES,"{""action_type"": ""clear"", ""direct_assignment_id"": ""cc000005-0000-4000-8000-000000000005""}",2026-07-27 07:50:09.100699+00,2026-07-27 07:50:47.620489+00
e4dab110-dbd2-4620-accb-3bcee158ebad,421429ec-f165-4e07-bc3b-278268ec4f33,8539d4a3-b201-41bd-bbd7-7a6bb169e9bd,76a92f9c-3c1b-4b92-8351-10711bac6abb,dean_approval,موافقة العميد,4,bd3616b0-2322-4087-b9b8-b1f0ec244914,c7347947-789b-405a-b6e5-d58c97104438,fb59542d-d410-4fa4-88d3-1e3e2fabe014,,,,completed,2026-07-27 10:59:38.318871+00,2026-07-27 10:59:39.737994+00,fb59542d-d410-4fa4-88d3-1e3e2fabe014,approved,TEST_ONLY_FIRST_DELIVERY_FIVE_SERVICES_REAL_GO_LIVE,"{""action_type"": ""approve"", ""direct_assignment_id"": ""cc000008-0000-4000-8000-000000000008""}",2026-07-27 10:59:34.014805+00,2026-07-27 10:59:39.737994+00
e99eca19-8f54-4784-a18b-beb5af2892c0,e3cc0366-b6fc-4d64-8c01-541030f83b00,c8825e7f-8026-4359-b901-ad716bff8707,7d551d1c-c171-4824-add7-ed7a5882f8cc,record_apply,تطبيق العذر في السجل,3,44d05dea-1a26-4451-a384-d3f01dd88ed9,32ee5cec-9b61-494d-afc9-7a7dbee19db5,24406961-d8b2-4db7-8896-0ef82039d75f,,,,completed,2026-07-27 07:52:22.717798+00,2026-07-27 07:52:27.395179+00,24406961-d8b2-4db7-8896-0ef82039d75f,applied,TEST_ONLY_FIRST_DELIVERY_5_SERVICES,"{""action_type"": ""apply_decision"", ""direct_assignment_id"": ""cc000001-0000-4000-8000-000000000001""}",2026-07-27 07:52:11.960447+00,2026-07-27 07:52:27.395179+00
eb958fac-ae2b-42ca-94f4-db6bfebb92e6,85d7068a-8443-4a96-b3bb-b7c658616820,43cbd321-a458-488f-bb1d-9ca62faf4307,77aa599d-8b1a-4cea-a20e-4240c723981b,archive,الأرشفة,7,b9bc6b28-c948-4ef9-b6b0-e74752ea3db4,0e2c5110-9014-43d1-bf80-e3a74a4a17bc,676ecf19-4c7a-45eb-86db-2c141e5a7691,,,,completed,2026-07-27 07:51:24.371256+00,2026-07-27 07:51:35.842186+00,676ecf19-4c7a-45eb-86db-2c141e5a7691,archived,TEST_ONLY_FIRST_DELIVERY_5_SERVICES,"{""action_type"": ""archive"", ""direct_assignment_id"": ""cc000007-0000-4000-8000-000000000007""}",2026-07-27 07:50:09.100699+00,2026-07-27 07:51:35.842186+00
ed42fbca-a462-4654-be43-c411b4eeabd3,53710937-4a69-4fc6-96b1-c2727c551c6e,43cbd321-a458-488f-bb1d-9ca62faf4307,2854d39b-3009-4142-8a01-51fd19fb5632,finance_clearance,المخالصة المالية,5,ff580c59-076b-40ff-9d64-0502d1c1125d,af495507-2cf9-4578-9b39-5a25ca1a6f0a,f0d8a6b1-7845-46bd-8a12-d78ed6af2bfd,,,,completed,2026-07-27 11:00:02.399359+00,2026-07-27 11:00:03.912663+00,f0d8a6b1-7845-46bd-8a12-d78ed6af2bfd,cleared,TEST_ONLY_FIRST_DELIVERY_FIVE_SERVICES_REAL_GO_LIVE,"{""action_type"": ""clear"", ""direct_assignment_id"": ""cc000006-0000-4000-8000-000000000006""}",2026-07-27 10:59:56.375776+00,2026-07-27 11:00:03.912663+00
eeb5460f-c0f5-4523-85b7-3aaaa0ce5a15,0f7f11f3-1cdd-492e-a971-5d4479c7e155,43cbd321-a458-488f-bb1d-9ca62faf4307,77aa599d-8b1a-4cea-a20e-4240c723981b,archive,الأرشفة,7,b9bc6b28-c948-4ef9-b6b0-e74752ea3db4,0e2c5110-9014-43d1-bf80-e3a74a4a17bc,676ecf19-4c7a-45eb-86db-2c141e5a7691,,,,pending,,,,,,"{""action_type"": ""archive"", ""direct_assignment_id"": ""cc000007-0000-4000-8000-000000000007""}",2026-07-27 10:54:04.197882+00,2026-07-27 10:54:04.197882+00
f12f0eca-55e8-415e-a19d-08860259765f,47e6eefe-7ff4-48a0-9c50-bf10af63a99a,88f0b63c-0977-425e-8c08-df0e946f30b0,9633e070-c930-4100-b256-6e341a81f3b3,manager_review,مراجعة مدير شؤون الطلاب,2,44d05dea-1a26-4451-a384-d3f01dd88ed9,92a20288-a166-4ea3-893e-d8a4300c2828,0b2a2543-a77a-4b86-ad7f-8b35f9db6502,,,,completed,2026-07-27 10:56:12.112143+00,2026-07-27 10:56:13.479652+00,0b2a2543-a77a-4b86-ad7f-8b35f9db6502,approved,TEST_ONLY_FIRST_DELIVERY_FIVE_SERVICES_REAL_GO_LIVE,"{""action_type"": ""approve"", ""direct_assignment_id"": ""cc000002-0000-4000-8000-000000000002""}",2026-07-27 10:56:09.992406+00,2026-07-27 10:56:13.479652+00
f2481725-6a83-4f4b-b9eb-453b0567f1b3,24b7ba1f-04c9-44c1-a188-52f74ef908bb,88f0b63c-0977-425e-8c08-df0e946f30b0,ffc168e0-588f-4fc3-8f59-2c86102fe593,student_affairs_intake,مراجعة شؤون الطلاب,1,44d05dea-1a26-4451-a384-d3f01dd88ed9,32ee5cec-9b61-494d-afc9-7a7dbee19db5,24406961-d8b2-4db7-8896-0ef82039d75f,,,,completed,2026-07-27 10:58:56.255815+00,2026-07-27 10:58:57.502157+00,24406961-d8b2-4db7-8896-0ef82039d75f,reviewed,TEST_ONLY_FIRST_DELIVERY_FIVE_SERVICES_REAL_GO_LIVE,"{""action_type"": ""review"", ""direct_assignment_id"": ""cc000001-0000-4000-8000-000000000001""}",2026-07-27 10:58:56.255815+00,2026-07-27 10:58:57.502157+00
f32eb69c-4a33-4c50-bbf1-54a632e92610,e8f72662-5dd6-45d2-9bab-555c39f7a136,39513c40-6de7-45ab-baea-6bbaebf4707c,38a7dd89-6d9e-4b90-a648-a0c0ed8f9854,initial_review,المراجعة الأولية,1,44d05dea-1a26-4451-a384-d3f01dd88ed9,32ee5cec-9b61-494d-afc9-7a7dbee19db5,24406961-d8b2-4db7-8896-0ef82039d75f,,,,completed,2026-07-27 07:48:00.64458+00,2026-07-27 07:48:07.790878+00,24406961-d8b2-4db7-8896-0ef82039d75f,reviewed,TEST_ONLY_FIRST_DELIVERY_5_SERVICES,"{""action_type"": ""review"", ""direct_assignment_id"": ""cc000001-0000-4000-8000-000000000001""}",2026-07-27 07:48:00.64458+00,2026-07-27 07:48:07.790878+00
f334f92b-3be0-419d-97f5-bccb390f757e,b093dc3d-9fc8-4b16-a0e6-0b767f597d71,c8825e7f-8026-4359-b901-ad716bff8707,57d9a7ef-26c0-40a5-b004-801fdd8f6e94,manager_review,اعتماد مدير شؤون الطلاب,2,44d05dea-1a26-4451-a384-d3f01dd88ed9,92a20288-a166-4ea3-893e-d8a4300c2828,0b2a2543-a77a-4b86-ad7f-8b35f9db6502,,,,completed,2026-07-27 07:48:25.778534+00,2026-07-27 07:48:31.912073+00,0b2a2543-a77a-4b86-ad7f-8b35f9db6502,approved,TEST_ONLY_FIRST_DELIVERY_5_SERVICES,"{""action_type"": ""approve"", ""direct_assignment_id"": ""cc000002-0000-4000-8000-000000000002""}",2026-07-27 07:48:21.165513+00,2026-07-27 07:48:31.912073+00
f5b6e8ee-8b9f-4360-a34c-e9366121d6fa,7df02398-bf56-4c75-b63b-f5ec20e39360,43cbd321-a458-488f-bb1d-9ca62faf4307,80fd697c-86ca-4454-831d-0309f6932cc3,labs_clearance,مخالصة المعامل,3,e54caf55-d0b1-424b-8513-a30466fec693,7ad4e3cf-1211-4d21-a4fe-4360cfa16a78,b8b50c98-f26c-413b-a585-fafd0abfaa21,,,,completed,2026-07-27 10:56:20.66571+00,2026-07-27 10:56:22.003457+00,b8b50c98-f26c-413b-a585-fafd0abfaa21,cleared,TEST_ONLY_FIRST_DELIVERY_FIVE_SERVICES_REAL_GO_LIVE,"{""action_type"": ""clear"", ""direct_assignment_id"": ""cc000005-0000-4000-8000-000000000005""}",2026-07-27 10:56:18.062779+00,2026-07-27 10:56:22.003457+00
f5baa2a7-c8ee-4cf5-a73a-8c07588df32f,ade49963-0a68-4c87-a24b-5e067c1be7fd,43cbd321-a458-488f-bb1d-9ca62faf4307,80fd697c-86ca-4454-831d-0309f6932cc3,labs_clearance,مخالصة المعامل,3,e54caf55-d0b1-424b-8513-a30466fec693,7ad4e3cf-1211-4d21-a4fe-4360cfa16a78,b8b50c98-f26c-413b-a585-fafd0abfaa21,,,,pending,,,,,,"{""action_type"": ""clear"", ""direct_assignment_id"": ""cc000005-0000-4000-8000-000000000005""}",2026-07-27 10:53:16.136209+00,2026-07-27 10:53:16.136209+00
f6acee58-d657-4093-a75f-8e8545dfae9e,bf38217e-9edb-4527-bde2-dc30e56a9f47,88f0b63c-0977-425e-8c08-df0e946f30b0,90c30f35-f12a-4b5a-bdc9-f649eda6639e,registrar_apply,تطبيق فرصة الاختبار النهائية,5,a8ebca48-9334-4428-95fe-0830cb45c484,0e6784cb-0636-4ecb-9e46-f422be41e1ad,15b0f3cd-29d8-4eb1-ad15-bb9026986dbc,,,,pending,,,,,,"{""action_type"": ""apply_decision"", ""direct_assignment_id"": ""cc000003-0000-4000-8000-000000000003""}",2026-07-27 10:52:18.314494+00,2026-07-27 10:52:18.314494+00
fb165dd1-c75f-4880-bba7-cd638a79fb81,4953f79c-fcf1-4119-8ef3-a0c6c240534f,8539d4a3-b201-41bd-bbd7-7a6bb169e9bd,f043d286-e96a-4332-90a7-26d07ead5247,source_department_head_approval,موافقة رئيس القسم الحالي,2,fc58655d-326a-462f-9f66-cab6d32cc8fa,06b461ab-8f47-4d4c-8ffa-fc8c23f80620,,,,bb000001-0000-4000-8000-000000000001,completed,2026-07-27 07:48:48.77001+00,2026-07-27 07:48:59.840255+00,49f152f8-db2b-4bd0-af08-2f8b3425d053,approved,TEST_ONLY_FIRST_DELIVERY_5_SERVICES,"{""action_type"": ""approve"", ""direct_assignment_id"": ""cc000009-0000-4000-8000-000000000009""}",2026-07-27 07:48:37.686692+00,2026-07-27 07:48:59.840255+00
fbfb4686-63ec-41cc-bb5c-a9165f8fb086,85d7068a-8443-4a96-b3bb-b7c658616820,43cbd321-a458-488f-bb1d-9ca62faf4307,2854d39b-3009-4142-8a01-51fd19fb5632,finance_clearance,المخالصة المالية,5,ff580c59-076b-40ff-9d64-0502d1c1125d,af495507-2cf9-4578-9b39-5a25ca1a6f0a,f0d8a6b1-7845-46bd-8a12-d78ed6af2bfd,,,,completed,2026-07-27 07:51:00.830097+00,2026-07-27 07:51:12.613043+00,f0d8a6b1-7845-46bd-8a12-d78ed6af2bfd,cleared,TEST_ONLY_FIRST_DELIVERY_5_SERVICES,"{""action_type"": ""clear"", ""direct_assignment_id"": ""cc000006-0000-4000-8000-000000000006""}",2026-07-27 07:50:09.100699+00,2026-07-27 07:51:12.613043+00
fda3bca4-2c2c-4a28-82ab-2c992e21c2e2,7df02398-bf56-4c75-b63b-f5ec20e39360,43cbd321-a458-488f-bb1d-9ca62faf4307,06dd9f7e-c17b-4f42-94b2-757d82fc0cf6,library_clearance,مخالصة المكتبة,2,48e25baf-3ed0-4cde-b128-22d801ce6dd1,544028ec-0590-4119-bf83-7bc6c178fc1a,749a6e5d-eb27-4417-99a4-7abaffe406a3,,,,completed,2026-07-27 10:56:19.373417+00,2026-07-27 10:56:20.66571+00,749a6e5d-eb27-4417-99a4-7abaffe406a3,cleared,TEST_ONLY_FIRST_DELIVERY_FIVE_SERVICES_REAL_GO_LIVE,"{""action_type"": ""clear"", ""direct_assignment_id"": ""cc000004-0000-4000-8000-000000000004""}",2026-07-27 10:56:18.062779+00,2026-07-27 10:56:20.66571+00
fe0b91c3-63ce-4676-8669-529d9cc8204e,54b96b02-872d-4c8e-b326-98e3e4986afa,43cbd321-a458-488f-bb1d-9ca62faf4307,a4ea9681-d127-442a-a5a8-bd6e0e11e52b,activities_clearance,مخالصة الأنشطة,4,44d05dea-1a26-4451-a384-d3f01dd88ed9,92a20288-a166-4ea3-893e-d8a4300c2828,0b2a2543-a77a-4b86-ad7f-8b35f9db6502,,,,completed,2026-07-27 10:59:06.902029+00,2026-07-27 10:59:08.193177+00,0b2a2543-a77a-4b86-ad7f-8b35f9db6502,cleared,TEST_ONLY_FIRST_DELIVERY_FIVE_SERVICES_REAL_GO_LIVE,"{""action_type"": ""clear"", ""direct_assignment_id"": ""cc000002-0000-4000-8000-000000000002""}",2026-07-27 10:59:02.863178+00,2026-07-27 10:59:08.193177+00
ff659c20-3f03-4d40-ac2b-b3adf1f055ec,24b7ba1f-04c9-44c1-a188-52f74ef908bb,88f0b63c-0977-425e-8c08-df0e946f30b0,9fc5c3be-a75d-4382-905c-3d83ffd39747,dean_decision,قرار العميد,3,bd3616b0-2322-4087-b9b8-b1f0ec244914,c7347947-789b-405a-b6e5-d58c97104438,fb59542d-d410-4fa4-88d3-1e3e2fabe014,,,,completed,2026-07-27 10:58:58.724428+00,2026-07-27 10:58:59.965444+00,fb59542d-d410-4fa4-88d3-1e3e2fabe014,approved,TEST_ONLY_FIRST_DELIVERY_FIVE_SERVICES_REAL_GO_LIVE,"{""action_type"": ""approve"", ""direct_assignment_id"": ""cc000008-0000-4000-8000-000000000008""}",2026-07-27 10:58:56.255815+00,2026-07-27 10:58:59.965444+00
ffe3aa11-a75b-4faf-b111-962e1e28372e,30482047-e7e4-4e5a-accd-5a9a097d9e14,88f0b63c-0977-425e-8c08-df0e946f30b0,9fc5c3be-a75d-4382-905c-3d83ffd39747,dean_decision,قرار العميد,3,bd3616b0-2322-4087-b9b8-b1f0ec244914,c7347947-789b-405a-b6e5-d58c97104438,fb59542d-d410-4fa4-88d3-1e3e2fabe014,,,,completed,2026-07-27 10:59:46.146693+00,2026-07-27 10:59:47.639482+00,fb59542d-d410-4fa4-88d3-1e3e2fabe014,approved,TEST_ONLY_FIRST_DELIVERY_FIVE_SERVICES_REAL_GO_LIVE,"{""action_type"": ""approve"", ""direct_assignment_id"": ""cc000008-0000-4000-8000-000000000008""}",2026-07-27 10:59:43.216745+00,2026-07-27 10:59:47.639482+00
