id,student_request_id,workflow_step_runtime_id,event_type,actor_user_id,actor_unit_id,actor_role_id,message_ar,message_en,payload,visible_to_student,created_at
0586c000-40e1-494a-8142-19ffccfdbe25,4cf1fda2-0218-4403-a676-a6697b08aa34,b4ad9951-a0dc-4ca7-9966-0cf10a6507c6,archived,676ecf19-4c7a-45eb-86db-2c141e5a7691,b9bc6b28-c948-4ef9-b6b0-e74752ea3db4,0e2c5110-9014-43d1-bf80-e3a74a4a17bc,TEST_ONLY_FIRST_DELIVERY_5_SERVICES,,"{""action"": ""archive"", ""action_result"": ""archived"", ""transition_id"": ""2b2285bb-3fe6-44ce-911f-9f73a77adb01""}",t,2026-07-27 07:54:36.568654+00
05f6d8a8-3eee-4e6d-859f-cd9991b9d683,bf38217e-9edb-4527-bde2-dc30e56a9f47,,submitted,2e3ca4d6-603c-4f06-a23e-462bf92fcfd3,,,,,"{""canonical_code"": ""final_chance""}",t,2026-07-27 10:52:18.314494+00
09195d18-112d-4602-906c-81d029f1cc94,70ea684d-fe11-4505-8d94-73f035770b39,73451e85-6137-4bba-94bb-ec064e3143d6,academic_effect_applied,15b0f3cd-29d8-4eb1-ad15-bb9026986dbc,a8ebca48-9334-4428-95fe-0830cb45c484,0e6784cb-0636-4ecb-9e46-f422be41e1ad,,,"{""effect"": ""final_chance"", ""semester_id"": ""d4dc2d92-00ce-4ea0-a7ed-da06d546512f"", ""academic_year_id"": ""6b297abe-b4d5-47f0-a24e-ea25c7c691f6""}",t,2026-07-27 10:57:39.7606+00
09971e0f-dc51-47bd-aaa3-5c09fd361a28,4953f79c-fcf1-4119-8ef3-a0c6c240534f,5fa4c7a3-4202-47fa-8ad9-27618ee21990,payment_confirmed,f0d8a6b1-7845-46bd-8a12-d78ed6af2bfd,ff580c59-076b-40ff-9d64-0502d1c1125d,af495507-2cf9-4578-9b39-5a25ca1a6f0a,TEST_ONLY external university payment confirmation,,"{""action"": ""confirm_payment"", ""action_result"": ""payment_confirmed""}",t,2026-07-27 07:52:40.073096+00
0f4434e5-a877-4d93-ba35-cd0afe2f7bc2,53710937-4a69-4fc6-96b1-c2727c551c6e,87afb93c-01b0-4015-9668-2e0c579491b2,reviewed,24406961-d8b2-4db7-8896-0ef82039d75f,44d05dea-1a26-4451-a384-d3f01dd88ed9,32ee5cec-9b61-494d-afc9-7a7dbee19db5,TEST_ONLY_FIRST_DELIVERY_FIVE_SERVICES_REAL_GO_LIVE,,"{""action"": ""review"", ""action_result"": ""reviewed"", ""transition_id"": ""98439ca3-74fc-424f-9cd5-aa91f1be1ce3""}",t,2026-07-27 10:59:57.903697+00
100257f4-d69f-4a5a-9e06-9b12e9b4b451,421429ec-f165-4e07-bc3b-278268ec4f33,2e8c789e-784a-468c-84f6-84dd79e6cf7e,approved,49f152f8-db2b-4bd0-af08-2f8b3425d053,fc58655d-326a-462f-9f66-cab6d32cc8fa,06b461ab-8f47-4d4c-8ffa-fc8c23f80620,TEST_ONLY_FIRST_DELIVERY_FIVE_SERVICES_REAL_GO_LIVE,,"{""action"": ""approve"", ""action_result"": ""approved"", ""transition_id"": ""b7c99ff8-115b-4aec-8e26-a2faf6008cc6""}",t,2026-07-27 10:59:36.873452+00
108c6871-e107-4f1f-9961-ced97e750eee,d3f5be81-0760-459b-8d30-a3377ab33aa1,ddefee47-5819-4bda-a6c3-c28720825108,approved,fb59542d-d410-4fa4-88d3-1e3e2fabe014,bd3616b0-2322-4087-b9b8-b1f0ec244914,c7347947-789b-405a-b6e5-d58c97104438,TEST_ONLY_FIRST_DELIVERY_FIVE_SERVICES_REAL_GO_LIVE,,"{""action"": ""approve"", ""action_result"": ""approved"", ""transition_id"": ""8eec4e4c-6219-47c8-99a5-e016c7660fd7""}",t,2026-07-27 10:54:00.949843+00
10fcf1e7-449e-4d02-a536-d763578ec43b,6c4ca023-11d4-41e9-91ce-55d353795909,29b3afc0-180e-4872-a2e9-30566ffe6081,applied,15b0f3cd-29d8-4eb1-ad15-bb9026986dbc,a8ebca48-9334-4428-95fe-0830cb45c484,0e6784cb-0636-4ecb-9e46-f422be41e1ad,TEST_ONLY_FIRST_DELIVERY_5_SERVICES,,"{""action"": ""apply_decision"", ""action_result"": ""applied"", ""transition_id"": ""1c3e2f22-a445-4b26-b18e-a8239f3418bc""}",t,2026-07-27 07:53:11.053592+00
12894057-b15f-4cad-9321-41b4451a052c,30482047-e7e4-4e5a-accd-5a9a097d9e14,197a38c9-6633-4ae8-aa51-873ee46c4be5,applied,15b0f3cd-29d8-4eb1-ad15-bb9026986dbc,a8ebca48-9334-4428-95fe-0830cb45c484,0e6784cb-0636-4ecb-9e46-f422be41e1ad,TEST_ONLY_FIRST_DELIVERY_FIVE_SERVICES_REAL_GO_LIVE,,"{""action"": ""apply_decision"", ""action_result"": ""applied"", ""transition_id"": ""1c3e2f22-a445-4b26-b18e-a8239f3418bc""}",t,2026-07-27 10:59:50.521601+00
1661e398-bd82-401c-8d77-a05fb0efa12b,de9e6c7f-eaec-4d32-9e8c-7ce168d542c5,,submitted,2e3ca4d6-603c-4f06-a23e-462bf92fcfd3,,,,,"{""canonical_code"": ""excused_absence""}",t,2026-07-27 10:59:28.223218+00
199fa03c-bd82-498f-a55e-ffe6a4d24536,f2a8e4bb-b305-4dc9-8ec7-570a2c35c993,9f310cc6-ba3f-403c-84bf-80750af7acc0,cleared,749a6e5d-eb27-4417-99a4-7abaffe406a3,48e25baf-3ed0-4cde-b128-22d801ce6dd1,544028ec-0590-4119-bf83-7bc6c178fc1a,TEST_ONLY_FIRST_DELIVERY_FIVE_SERVICES_REAL_GO_LIVE,,"{""action"": ""clear"", ""action_result"": ""cleared"", ""transition_id"": ""86231b59-5c83-4c2d-bfd5-be96d20a96f6""}",t,2026-07-27 10:57:43.093706+00
1c414228-033a-425f-936b-22237fbc7e42,70ea684d-fe11-4505-8d94-73f035770b39,d42f271c-450e-4037-8f5e-eba76585a9eb,payment_confirmed,f0d8a6b1-7845-46bd-8a12-d78ed6af2bfd,ff580c59-076b-40ff-9d64-0502d1c1125d,af495507-2cf9-4578-9b39-5a25ca1a6f0a,TEST_ONLY_FIRST_DELIVERY_FIVE_SERVICES_REAL_GO_LIVE,,"{""action"": ""confirm_payment"", ""action_result"": ""payment_confirmed""}",t,2026-07-27 10:57:38.377075+00
1e1b403e-476b-457e-88bc-4a4cb7d3f709,0277c36b-462f-410c-830b-6960a01dd163,,submitted,2e3ca4d6-603c-4f06-a23e-462bf92fcfd3,,,,,"{""canonical_code"": ""enrollment_suspension""}",t,2026-07-27 07:51:50.376666+00
204d6df9-5a96-48c0-a2b6-0dfacc205ac7,e8f72662-5dd6-45d2-9bab-555c39f7a136,d34f8fa6-38ef-4784-b597-ca4822da08a5,approved,0b2a2543-a77a-4b86-ad7f-8b35f9db6502,44d05dea-1a26-4451-a384-d3f01dd88ed9,92a20288-a166-4ea3-893e-d8a4300c2828,TEST_ONLY_FIRST_DELIVERY_5_SERVICES,,"{""action"": ""approve"", ""action_result"": ""approved"", ""transition_id"": ""e0a32701-a5f4-49d0-be88-477210b2fb02""}",t,2026-07-27 07:48:13.811669+00
24cb0e78-934d-4ae1-86f3-13d85f4fb957,85d7068a-8443-4a96-b3bb-b7c658616820,eb958fac-ae2b-42ca-94f4-db6bfebb92e6,archived,676ecf19-4c7a-45eb-86db-2c141e5a7691,b9bc6b28-c948-4ef9-b6b0-e74752ea3db4,0e2c5110-9014-43d1-bf80-e3a74a4a17bc,TEST_ONLY_FIRST_DELIVERY_5_SERVICES,,"{""action"": ""archive"", ""action_result"": ""archived"", ""transition_id"": ""2b2285bb-3fe6-44ce-911f-9f73a77adb01""}",t,2026-07-27 07:51:35.842186+00
24e5c4fc-fb30-4ade-b9ec-4aafda968548,7df02398-bf56-4c75-b63b-f5ec20e39360,1104cc1d-f3c2-4ecd-8c1d-be09fca608c3,reviewed,24406961-d8b2-4db7-8896-0ef82039d75f,44d05dea-1a26-4451-a384-d3f01dd88ed9,32ee5cec-9b61-494d-afc9-7a7dbee19db5,TEST_ONLY_FIRST_DELIVERY_FIVE_SERVICES_REAL_GO_LIVE,,"{""action"": ""review"", ""action_result"": ""reviewed"", ""transition_id"": ""98439ca3-74fc-424f-9cd5-aa91f1be1ce3""}",t,2026-07-27 10:56:19.373417+00
2510f665-6bf5-447f-aa8c-327cc9840a22,421429ec-f165-4e07-bc3b-278268ec4f33,dd11835b-4bbf-4382-9d55-ff66c222cffe,reviewed,24406961-d8b2-4db7-8896-0ef82039d75f,44d05dea-1a26-4451-a384-d3f01dd88ed9,32ee5cec-9b61-494d-afc9-7a7dbee19db5,TEST_ONLY_FIRST_DELIVERY_FIVE_SERVICES_REAL_GO_LIVE,,"{""action"": ""review"", ""action_result"": ""reviewed"", ""transition_id"": ""39d8ec89-9c89-4110-abba-89aadcd719a8""}",t,2026-07-27 10:59:35.43031+00
27872141-6bfe-4408-9b24-50349dca7653,7df02398-bf56-4c75-b63b-f5ec20e39360,aa07f3d6-3057-44d2-8304-739efac44bf0,archived,676ecf19-4c7a-45eb-86db-2c141e5a7691,b9bc6b28-c948-4ef9-b6b0-e74752ea3db4,0e2c5110-9014-43d1-bf80-e3a74a4a17bc,TEST_ONLY_FIRST_DELIVERY_FIVE_SERVICES_REAL_GO_LIVE,,"{""action"": ""archive"", ""action_result"": ""archived"", ""transition_id"": ""2b2285bb-3fe6-44ce-911f-9f73a77adb01""}",t,2026-07-27 10:56:27.206515+00
2840490f-3e41-4762-86ee-05a749a44c33,53710937-4a69-4fc6-96b1-c2727c551c6e,7e17e23e-2200-4bb4-86f5-0b39eede3764,academic_effect_applied,15b0f3cd-29d8-4eb1-ad15-bb9026986dbc,a8ebca48-9334-4428-95fe-0830cb45c484,0e6784cb-0636-4ecb-9e46-f422be41e1ad,,,"{""effect"": ""file_withdrawal"", ""academic_status_id"": ""f864d89a-0017-4051-b627-61e587e946af""}",t,2026-07-27 11:00:05.363295+00
29bd64a1-0693-4321-be14-6e5d31f068e9,47e6eefe-7ff4-48a0-9c50-bf10af63a99a,bbb525ff-d83a-43c6-97de-ce3622d8d8fb,reviewed,24406961-d8b2-4db7-8896-0ef82039d75f,44d05dea-1a26-4451-a384-d3f01dd88ed9,32ee5cec-9b61-494d-afc9-7a7dbee19db5,TEST_ONLY_FIRST_DELIVERY_FIVE_SERVICES_REAL_GO_LIVE,,"{""action"": ""review"", ""action_result"": ""reviewed"", ""transition_id"": ""9d710b2d-4955-43a1-8251-e933930614d6""}",t,2026-07-27 10:56:12.112143+00
2b2dd46d-f23b-4d25-a3f8-67fab467dcbd,de9e6c7f-eaec-4d32-9e8c-7ce168d542c5,a1ecd6e8-d0de-462d-9cff-29faf2afc97c,approved,0b2a2543-a77a-4b86-ad7f-8b35f9db6502,44d05dea-1a26-4451-a384-d3f01dd88ed9,92a20288-a166-4ea3-893e-d8a4300c2828,TEST_ONLY_FIRST_DELIVERY_FIVE_SERVICES_REAL_GO_LIVE,,"{""action"": ""approve"", ""action_result"": ""approved"", ""transition_id"": ""b102869d-bb4e-4d49-8a35-0a716fe904a5""}",t,2026-07-27 10:59:31.399145+00
2dcce79c-8bfe-412b-bdd9-74d43f065dd9,54b96b02-872d-4c8e-b326-98e3e4986afa,fe0b91c3-63ce-4676-8669-529d9cc8204e,cleared,0b2a2543-a77a-4b86-ad7f-8b35f9db6502,44d05dea-1a26-4451-a384-d3f01dd88ed9,92a20288-a166-4ea3-893e-d8a4300c2828,TEST_ONLY_FIRST_DELIVERY_FIVE_SERVICES_REAL_GO_LIVE,,"{""action"": ""clear"", ""action_result"": ""cleared"", ""transition_id"": ""27555f84-c339-4371-9ea7-62f09eabab4f""}",t,2026-07-27 10:59:08.193177+00
2df98058-18d4-46d1-9d29-aca746b17df6,24b7ba1f-04c9-44c1-a188-52f74ef908bb,f2481725-6a83-4f4b-b9eb-453b0567f1b3,reviewed,24406961-d8b2-4db7-8896-0ef82039d75f,44d05dea-1a26-4451-a384-d3f01dd88ed9,32ee5cec-9b61-494d-afc9-7a7dbee19db5,TEST_ONLY_FIRST_DELIVERY_FIVE_SERVICES_REAL_GO_LIVE,,"{""action"": ""review"", ""action_result"": ""reviewed"", ""transition_id"": ""9d710b2d-4955-43a1-8251-e933930614d6""}",t,2026-07-27 10:58:57.502157+00
3063b698-7bff-491b-b0f9-91b22c4b29f4,6c4ca023-11d4-41e9-91ce-55d353795909,,submitted,2e3ca4d6-603c-4f06-a23e-462bf92fcfd3,,,,,"{""canonical_code"": ""final_chance""}",t,2026-07-27 07:49:31.16012+00
31bef2fe-a295-4258-bcbe-391a28e383ab,d3f5be81-0760-459b-8d30-a3377ab33aa1,3bc84b0f-b640-47aa-a07e-f537f797626d,reviewed,24406961-d8b2-4db7-8896-0ef82039d75f,44d05dea-1a26-4451-a384-d3f01dd88ed9,32ee5cec-9b61-494d-afc9-7a7dbee19db5,TEST_ONLY_FIRST_DELIVERY_FIVE_SERVICES_REAL_GO_LIVE,,"{""action"": ""review"", ""action_result"": ""reviewed"", ""transition_id"": ""9d710b2d-4955-43a1-8251-e933930614d6""}",t,2026-07-27 10:53:58.10088+00
322a18b7-e937-4590-806c-a85d312f25eb,c3acb770-2a89-441a-93cd-d0ff882a3e4b,b8c933fb-fb20-4f9f-9d86-1e899d357233,approved,0b2a2543-a77a-4b86-ad7f-8b35f9db6502,44d05dea-1a26-4451-a384-d3f01dd88ed9,92a20288-a166-4ea3-893e-d8a4300c2828,TEST_ONLY_FIRST_DELIVERY_FIVE_SERVICES_REAL_GO_LIVE,,"{""action"": ""approve"", ""action_result"": ""approved"", ""transition_id"": ""e0a32701-a5f4-49d0-be88-477210b2fb02""}",t,2026-07-27 10:59:54.005579+00
336e19a9-1f09-49be-81df-a33fb0a140ad,de9e6c7f-eaec-4d32-9e8c-7ce168d542c5,8e695614-ffef-4149-aca8-dfcbf0c850c1,academic_effect_applied,24406961-d8b2-4db7-8896-0ef82039d75f,44d05dea-1a26-4451-a384-d3f01dd88ed9,32ee5cec-9b61-494d-afc9-7a7dbee19db5,,,"{""effect"": ""excused_absence"", ""absence_date"": ""2026-07-20"", ""course_section_id"": ""92a920b4-5e7d-401c-aae3-aa2f22c8b1b9""}",t,2026-07-27 10:59:32.75921+00
367f2b5c-5c37-4eb0-8ad1-719e31c0c302,0277c36b-462f-410c-830b-6960a01dd163,018222a6-9a97-4204-9018-3e77f4ec7573,approved,0b2a2543-a77a-4b86-ad7f-8b35f9db6502,44d05dea-1a26-4451-a384-d3f01dd88ed9,92a20288-a166-4ea3-893e-d8a4300c2828,TEST_ONLY_FIRST_DELIVERY_5_SERVICES,,"{""action"": ""approve"", ""action_result"": ""approved"", ""transition_id"": ""e0a32701-a5f4-49d0-be88-477210b2fb02""}",t,2026-07-27 07:52:04.138795+00
368f76ef-b72b-4d44-a1fd-1e270d7cb2aa,7df02398-bf56-4c75-b63b-f5ec20e39360,2ddd23de-f1bc-49fd-8d46-f816800ad6dd,academic_effect_applied,15b0f3cd-29d8-4eb1-ad15-bb9026986dbc,a8ebca48-9334-4428-95fe-0830cb45c484,0e6784cb-0636-4ecb-9e46-f422be41e1ad,,,"{""effect"": ""file_withdrawal"", ""academic_status_id"": ""f864d89a-0017-4051-b627-61e587e946af""}",t,2026-07-27 10:56:25.895101+00
3a43b9f5-c934-41ce-90b0-808465d77ae3,24b7ba1f-04c9-44c1-a188-52f74ef908bb,608d7319-b0f0-4563-b50e-bb4f1de90e20,step_entered,f0d8a6b1-7845-46bd-8a12-d78ed6af2bfd,,,,,"{""from_step_id"": ""2eb1055d-0d3c-44e6-adee-565f64007722"", ""action_result"": ""payment_confirmed"", ""transition_id"": ""e45a8f5d-8c87-440e-b077-cfcc02b92cb3""}",f,2026-07-27 10:59:01.331061+00
3acfd8b5-154c-4812-b7d4-3c08d2d78efc,0f7f11f3-1cdd-492e-a971-5d4479c7e155,,submitted,2e3ca4d6-603c-4f06-a23e-462bf92fcfd3,,,,,"{""canonical_code"": ""file_withdrawal""}",t,2026-07-27 10:54:04.197882+00
3c2bd045-ed13-451e-b533-2e3998ab6638,f2a8e4bb-b305-4dc9-8ec7-570a2c35c993,d2ef70ff-1161-4f22-be34-ab1da624cb45,reviewed,24406961-d8b2-4db7-8896-0ef82039d75f,44d05dea-1a26-4451-a384-d3f01dd88ed9,32ee5cec-9b61-494d-afc9-7a7dbee19db5,TEST_ONLY_FIRST_DELIVERY_FIVE_SERVICES_REAL_GO_LIVE,,"{""action"": ""review"", ""action_result"": ""reviewed"", ""transition_id"": ""98439ca3-74fc-424f-9cd5-aa91f1be1ce3""}",t,2026-07-27 10:57:41.666538+00
3e419034-667d-47c8-bf97-4d077142ee36,47e6eefe-7ff4-48a0-9c50-bf10af63a99a,dd44bc54-e200-4f52-9ce1-62ae758a96b5,payment_confirmed,f0d8a6b1-7845-46bd-8a12-d78ed6af2bfd,ff580c59-076b-40ff-9d64-0502d1c1125d,af495507-2cf9-4578-9b39-5a25ca1a6f0a,TEST_ONLY_FIRST_DELIVERY_FIVE_SERVICES_REAL_GO_LIVE,,"{""action"": ""confirm_payment"", ""action_result"": ""payment_confirmed""}",t,2026-07-27 10:56:16.263227+00
3f1dca89-514f-4c45-80a2-9173398a6172,e3cc0366-b6fc-4d64-8c01-541030f83b00,e99eca19-8f54-4784-a18b-beb5af2892c0,applied,24406961-d8b2-4db7-8896-0ef82039d75f,44d05dea-1a26-4451-a384-d3f01dd88ed9,32ee5cec-9b61-494d-afc9-7a7dbee19db5,TEST_ONLY_FIRST_DELIVERY_5_SERVICES,,"{""action"": ""apply_decision"", ""action_result"": ""applied"", ""transition_id"": ""5d8d6b61-4cef-43fe-bc50-968be362d382""}",t,2026-07-27 07:52:27.395179+00
3feeee98-1e37-4f95-8541-538a93ce111a,e3cc0366-b6fc-4d64-8c01-541030f83b00,da470da6-6ef5-4fd6-834a-bdfe3520535a,approved,0b2a2543-a77a-4b86-ad7f-8b35f9db6502,44d05dea-1a26-4451-a384-d3f01dd88ed9,92a20288-a166-4ea3-893e-d8a4300c2828,TEST_ONLY_FIRST_DELIVERY_5_SERVICES,,"{""action"": ""approve"", ""action_result"": ""approved"", ""transition_id"": ""b102869d-bb4e-4d49-8a35-0a716fe904a5""}",t,2026-07-27 07:52:22.717798+00
460b78a4-97dc-4587-bbf9-afaab26d4863,6c4ca023-11d4-41e9-91ce-55d353795909,a71e476e-816c-461a-835b-cff924d62695,approved,0b2a2543-a77a-4b86-ad7f-8b35f9db6502,44d05dea-1a26-4451-a384-d3f01dd88ed9,92a20288-a166-4ea3-893e-d8a4300c2828,TEST_ONLY_FIRST_DELIVERY_5_SERVICES,,"{""action"": ""approve"", ""action_result"": ""approved"", ""transition_id"": ""8c372d85-68ce-4e7c-8c5a-fdb7e1e2ad77""}",t,2026-07-27 07:49:48.916195+00
47044ce0-09e7-43d1-8101-71de7f175c1c,0277c36b-462f-410c-830b-6960a01dd163,a93bb208-97dc-4dac-953c-ea4e9e0e1cf2,reviewed,24406961-d8b2-4db7-8896-0ef82039d75f,44d05dea-1a26-4451-a384-d3f01dd88ed9,32ee5cec-9b61-494d-afc9-7a7dbee19db5,TEST_ONLY_FIRST_DELIVERY_5_SERVICES,,"{""action"": ""review"", ""action_result"": ""reviewed"", ""transition_id"": ""77006d20-d095-42e3-bd6f-96e838b1c249""}",t,2026-07-27 07:51:57.336004+00
4730654e-8ca9-4380-a9b3-1180aecf83f8,4cf1fda2-0218-4403-a676-a6697b08aa34,9eb0ba4c-073f-470d-8fa9-71c0c2c33c91,cleared,f0d8a6b1-7845-46bd-8a12-d78ed6af2bfd,ff580c59-076b-40ff-9d64-0502d1c1125d,af495507-2cf9-4578-9b39-5a25ca1a6f0a,TEST_ONLY_FIRST_DELIVERY_5_SERVICES,,"{""action"": ""clear"", ""action_result"": ""cleared"", ""transition_id"": ""0b245c4a-6869-4b27-936e-2991f52f72f9""}",t,2026-07-27 07:54:12.604824+00
4c8369ad-7280-4d68-9959-b448fbc3a0e0,6c4ca023-11d4-41e9-91ce-55d353795909,1e84d7ca-6ab5-4bf1-a1d9-df46d65e7f25,approved,fb59542d-d410-4fa4-88d3-1e3e2fabe014,bd3616b0-2322-4087-b9b8-b1f0ec244914,c7347947-789b-405a-b6e5-d58c97104438,TEST_ONLY_FIRST_DELIVERY_5_SERVICES,,"{""action"": ""approve"", ""action_result"": ""approved"", ""transition_id"": ""8eec4e4c-6219-47c8-99a5-e016c7660fd7""}",t,2026-07-27 07:49:58.893544+00
4dc9d57d-752e-4a45-bfdf-eda1bcdd07f6,421429ec-f165-4e07-bc3b-278268ec4f33,6003c37c-924f-4987-8e5e-817643a74b7f,academic_effect_applied,15b0f3cd-29d8-4eb1-ad15-bb9026986dbc,a8ebca48-9334-4428-95fe-0830cb45c484,0e6784cb-0636-4ecb-9e46-f422be41e1ad,,,"{""effect"": ""department_transfer"", ""new_program_id"": ""8df96335-4197-4e33-85ca-a970608f6a63"", ""old_program_id"": ""97638001-87cd-4df0-abe9-63c829504072"", ""new_department_id"": ""11111111-1111-4111-8111-111111111111"", ""old_department_id"": ""ce485c67-5f7c-498d-b120-4b1130a86ae8""}",t,2026-07-27 10:59:42.756469+00
4df29763-a722-4f55-9ba6-ad3a0fe38e41,53710937-4a69-4fc6-96b1-c2727c551c6e,cfe89818-b58c-44b6-8508-ba4c823ec51f,archived,676ecf19-4c7a-45eb-86db-2c141e5a7691,b9bc6b28-c948-4ef9-b6b0-e74752ea3db4,0e2c5110-9014-43d1-bf80-e3a74a4a17bc,TEST_ONLY_FIRST_DELIVERY_FIVE_SERVICES_REAL_GO_LIVE,,"{""action"": ""archive"", ""action_result"": ""archived"", ""transition_id"": ""2b2285bb-3fe6-44ce-911f-9f73a77adb01""}",t,2026-07-27 11:00:06.832899+00
510be4f4-2f08-438b-bf09-1e1701a7cf06,54b96b02-872d-4c8e-b326-98e3e4986afa,85690776-67ac-4e24-b8bc-7152d4fe04de,academic_effect_applied,15b0f3cd-29d8-4eb1-ad15-bb9026986dbc,a8ebca48-9334-4428-95fe-0830cb45c484,0e6784cb-0636-4ecb-9e46-f422be41e1ad,,,"{""effect"": ""file_withdrawal"", ""academic_status_id"": ""f864d89a-0017-4051-b627-61e587e946af""}",t,2026-07-27 10:59:10.666773+00
519a04a0-6a5d-4b3e-8fce-900c7dd9af5f,85d7068a-8443-4a96-b3bb-b7c658616820,68ad2c11-3ca4-4128-b53b-d5c85ed5b499,cleared,749a6e5d-eb27-4417-99a4-7abaffe406a3,48e25baf-3ed0-4cde-b128-22d801ce6dd1,544028ec-0590-4119-bf83-7bc6c178fc1a,TEST_ONLY_FIRST_DELIVERY_5_SERVICES,,"{""action"": ""clear"", ""action_result"": ""cleared"", ""transition_id"": ""86231b59-5c83-4c2d-bfd5-be96d20a96f6""}",t,2026-07-27 07:50:35.666818+00
523fd2f5-a44c-44d4-bae0-f3fecfcb1fdd,f2a8e4bb-b305-4dc9-8ec7-570a2c35c993,09b7ff80-92a0-4187-8b29-0a56035ed762,cleared,f0d8a6b1-7845-46bd-8a12-d78ed6af2bfd,ff580c59-076b-40ff-9d64-0502d1c1125d,af495507-2cf9-4578-9b39-5a25ca1a6f0a,TEST_ONLY_FIRST_DELIVERY_FIVE_SERVICES_REAL_GO_LIVE,,"{""action"": ""clear"", ""action_result"": ""cleared"", ""transition_id"": ""0b245c4a-6869-4b27-936e-2991f52f72f9""}",t,2026-07-27 10:57:47.37937+00
52a45150-7bca-4838-85a5-e97205485173,53710937-4a69-4fc6-96b1-c2727c551c6e,,submitted,2e3ca4d6-603c-4f06-a23e-462bf92fcfd3,,,,,"{""canonical_code"": ""file_withdrawal""}",t,2026-07-27 10:59:56.375776+00
52e6681d-fdb4-4de7-b11c-910285a17511,421429ec-f165-4e07-bc3b-278268ec4f33,,submitted,2e3ca4d6-603c-4f06-a23e-462bf92fcfd3,,,,,"{""canonical_code"": ""department_transfer""}",t,2026-07-27 10:59:34.014805+00
53dd8e90-7646-4d86-a5f3-1fa7d0727143,54b96b02-872d-4c8e-b326-98e3e4986afa,85690776-67ac-4e24-b8bc-7152d4fe04de,applied,15b0f3cd-29d8-4eb1-ad15-bb9026986dbc,a8ebca48-9334-4428-95fe-0830cb45c484,0e6784cb-0636-4ecb-9e46-f422be41e1ad,TEST_ONLY_FIRST_DELIVERY_FIVE_SERVICES_REAL_GO_LIVE,,"{""action"": ""apply_decision"", ""action_result"": ""applied"", ""transition_id"": ""02c17d25-ec0a-402e-aa60-c261d8c462bf""}",t,2026-07-27 10:59:10.666773+00
5408212e-48e1-41d7-b5e2-6a10dca70be1,d3f5be81-0760-459b-8d30-a3377ab33aa1,,submitted,2e3ca4d6-603c-4f06-a23e-462bf92fcfd3,,,,,"{""canonical_code"": ""final_chance""}",t,2026-07-27 10:53:56.606632+00
5627eb44-6d6d-48b6-8027-82d5bccdad13,54b96b02-872d-4c8e-b326-98e3e4986afa,cde570c0-9ba6-4be7-80d4-f69efe29cf24,reviewed,24406961-d8b2-4db7-8896-0ef82039d75f,44d05dea-1a26-4451-a384-d3f01dd88ed9,32ee5cec-9b61-494d-afc9-7a7dbee19db5,TEST_ONLY_FIRST_DELIVERY_FIVE_SERVICES_REAL_GO_LIVE,,"{""action"": ""review"", ""action_result"": ""reviewed"", ""transition_id"": ""98439ca3-74fc-424f-9cd5-aa91f1be1ce3""}",t,2026-07-27 10:59:04.221028+00
5643d070-420a-4658-b587-53368592a9a8,f2a8e4bb-b305-4dc9-8ec7-570a2c35c993,052c3dfb-d488-43f1-bedf-9452c00372f5,cleared,b8b50c98-f26c-413b-a585-fafd0abfaa21,e54caf55-d0b1-424b-8513-a30466fec693,7ad4e3cf-1211-4d21-a4fe-4360cfa16a78,TEST_ONLY_FIRST_DELIVERY_FIVE_SERVICES_REAL_GO_LIVE,,"{""action"": ""clear"", ""action_result"": ""cleared"", ""transition_id"": ""4fc436a3-ee1b-4d1a-9eff-5d8bf0b0dd26""}",t,2026-07-27 10:57:44.549893+00
5726ccdd-9e10-4f8e-80dc-a05c4f962058,e3cc0366-b6fc-4d64-8c01-541030f83b00,,submitted,2e3ca4d6-603c-4f06-a23e-462bf92fcfd3,,,,,"{""canonical_code"": ""excused_absence""}",t,2026-07-27 07:52:11.960447+00
58e652d4-5873-4058-a72f-92e4c1127337,f2a8e4bb-b305-4dc9-8ec7-570a2c35c993,3355d035-90dc-4d53-8e41-ddee633d6c61,cleared,0b2a2543-a77a-4b86-ad7f-8b35f9db6502,44d05dea-1a26-4451-a384-d3f01dd88ed9,92a20288-a166-4ea3-893e-d8a4300c2828,TEST_ONLY_FIRST_DELIVERY_FIVE_SERVICES_REAL_GO_LIVE,,"{""action"": ""clear"", ""action_result"": ""cleared"", ""transition_id"": ""27555f84-c339-4371-9ea7-62f09eabab4f""}",t,2026-07-27 10:57:45.946709+00
590c7475-6e09-4a83-ab94-3f3cea1b1611,d3f5be81-0760-459b-8d30-a3377ab33aa1,aac64d4b-4627-4ad9-90ff-501ee89032c3,step_entered,f0d8a6b1-7845-46bd-8a12-d78ed6af2bfd,,,,,"{""from_step_id"": ""e05a367a-4f57-4587-aa64-c331a8d39a98"", ""action_result"": ""payment_confirmed"", ""transition_id"": ""e45a8f5d-8c87-440e-b077-cfcc02b92cb3""}",f,2026-07-27 10:54:02.450848+00
5bc207f5-bb38-4859-9fb1-4a6e18d22e3d,47e6eefe-7ff4-48a0-9c50-bf10af63a99a,15c26e94-b9f4-4088-af5d-08af9bfc3f2f,step_entered,f0d8a6b1-7845-46bd-8a12-d78ed6af2bfd,,,,,"{""from_step_id"": ""dd44bc54-e200-4f52-9ce1-62ae758a96b5"", ""action_result"": ""payment_confirmed"", ""transition_id"": ""e45a8f5d-8c87-440e-b077-cfcc02b92cb3""}",f,2026-07-27 10:56:16.263227+00
5c3d6cf1-7c0b-48aa-b301-1115311f918d,24b7ba1f-04c9-44c1-a188-52f74ef908bb,ff659c20-3f03-4d40-ac2b-b3adf1f055ec,approved,fb59542d-d410-4fa4-88d3-1e3e2fabe014,bd3616b0-2322-4087-b9b8-b1f0ec244914,c7347947-789b-405a-b6e5-d58c97104438,TEST_ONLY_FIRST_DELIVERY_FIVE_SERVICES_REAL_GO_LIVE,,"{""action"": ""approve"", ""action_result"": ""approved"", ""transition_id"": ""8eec4e4c-6219-47c8-99a5-e016c7660fd7""}",t,2026-07-27 10:58:59.965444+00
632b0312-8c12-4d2e-99a5-85d6031af96c,7df02398-bf56-4c75-b63b-f5ec20e39360,fda3bca4-2c2c-4a28-82ab-2c992e21c2e2,cleared,749a6e5d-eb27-4417-99a4-7abaffe406a3,48e25baf-3ed0-4cde-b128-22d801ce6dd1,544028ec-0590-4119-bf83-7bc6c178fc1a,TEST_ONLY_FIRST_DELIVERY_FIVE_SERVICES_REAL_GO_LIVE,,"{""action"": ""clear"", ""action_result"": ""cleared"", ""transition_id"": ""86231b59-5c83-4c2d-bfd5-be96d20a96f6""}",t,2026-07-27 10:56:20.66571+00
67b1ba33-8567-4073-8b9f-c7ce31fa9e92,0f7f11f3-1cdd-492e-a971-5d4479c7e155,2b0c81c1-ab96-4c9b-94b2-f641c0ac94ea,cleared,f0d8a6b1-7845-46bd-8a12-d78ed6af2bfd,ff580c59-076b-40ff-9d64-0502d1c1125d,af495507-2cf9-4578-9b39-5a25ca1a6f0a,TEST_ONLY_FIRST_DELIVERY_FIVE_SERVICES_REAL_GO_LIVE,,"{""action"": ""clear"", ""action_result"": ""cleared"", ""transition_id"": ""0b245c4a-6869-4b27-936e-2991f52f72f9""}",t,2026-07-27 10:54:11.311054+00
67d493fc-e7f0-4704-89b6-9087c1510279,6c4ca023-11d4-41e9-91ce-55d353795909,1a44ae1f-184c-4a61-9753-f0937e92edb1,reviewed,24406961-d8b2-4db7-8896-0ef82039d75f,44d05dea-1a26-4451-a384-d3f01dd88ed9,32ee5cec-9b61-494d-afc9-7a7dbee19db5,TEST_ONLY_FIRST_DELIVERY_5_SERVICES,,"{""action"": ""review"", ""action_result"": ""reviewed"", ""transition_id"": ""9d710b2d-4955-43a1-8251-e933930614d6""}",t,2026-07-27 07:49:39.929346+00
6a8b6a51-e39c-4e93-a7d3-2d09ab011370,9e97eeac-640b-4778-ba72-3463c1c438d3,,submitted,2e3ca4d6-603c-4f06-a23e-462bf92fcfd3,,,,,"{""canonical_code"": ""enrollment_suspension""}",t,2026-07-27 10:58:50.694139+00
6d4b9326-30b0-452e-9bcf-3d49e0aa8a23,70ea684d-fe11-4505-8d94-73f035770b39,00ecba27-7980-42e5-8467-08b9e9646f67,approved,0b2a2543-a77a-4b86-ad7f-8b35f9db6502,44d05dea-1a26-4451-a384-d3f01dd88ed9,92a20288-a166-4ea3-893e-d8a4300c2828,TEST_ONLY_FIRST_DELIVERY_FIVE_SERVICES_REAL_GO_LIVE,,"{""action"": ""approve"", ""action_result"": ""approved"", ""transition_id"": ""8c372d85-68ce-4e7c-8c5a-fdb7e1e2ad77""}",t,2026-07-27 10:57:35.461497+00
734023c4-ed50-4ffc-8442-89639e306918,421429ec-f165-4e07-bc3b-278268ec4f33,6003c37c-924f-4987-8e5e-817643a74b7f,applied,15b0f3cd-29d8-4eb1-ad15-bb9026986dbc,a8ebca48-9334-4428-95fe-0830cb45c484,0e6784cb-0636-4ecb-9e46-f422be41e1ad,TEST_ONLY_FIRST_DELIVERY_FIVE_SERVICES_REAL_GO_LIVE,,"{""action"": ""apply_decision"", ""action_result"": ""applied"", ""transition_id"": ""12ffa028-8bd2-48ef-afe2-57155480f527""}",t,2026-07-27 10:59:42.756469+00
734a94c2-46f8-4523-b081-0c2d0517ca69,85d7068a-8443-4a96-b3bb-b7c658616820,db0002ab-4cb5-4011-a278-eab386048220,applied,15b0f3cd-29d8-4eb1-ad15-bb9026986dbc,a8ebca48-9334-4428-95fe-0830cb45c484,0e6784cb-0636-4ecb-9e46-f422be41e1ad,TEST_ONLY_FIRST_DELIVERY_5_SERVICES,,"{""action"": ""apply_decision"", ""action_result"": ""applied"", ""transition_id"": ""02c17d25-ec0a-402e-aa60-c261d8c462bf""}",t,2026-07-27 07:51:24.371256+00
74003e59-579b-44c8-83d4-e77f4616875b,85d7068a-8443-4a96-b3bb-b7c658616820,00efcf62-5ccb-421c-8059-f053ccb7f41c,cleared,0b2a2543-a77a-4b86-ad7f-8b35f9db6502,44d05dea-1a26-4451-a384-d3f01dd88ed9,92a20288-a166-4ea3-893e-d8a4300c2828,TEST_ONLY_FIRST_DELIVERY_5_SERVICES,,"{""action"": ""clear"", ""action_result"": ""cleared"", ""transition_id"": ""27555f84-c339-4371-9ea7-62f09eabab4f""}",t,2026-07-27 07:51:00.830097+00
7561fc32-7cde-4e3f-b676-4fa32ef4a616,4cf1fda2-0218-4403-a676-a6697b08aa34,873ea8d2-e3aa-4c47-9c2e-e152ec4c8298,applied,15b0f3cd-29d8-4eb1-ad15-bb9026986dbc,a8ebca48-9334-4428-95fe-0830cb45c484,0e6784cb-0636-4ecb-9e46-f422be41e1ad,TEST_ONLY_FIRST_DELIVERY_5_SERVICES,,"{""action"": ""apply_decision"", ""action_result"": ""applied"", ""transition_id"": ""02c17d25-ec0a-402e-aa60-c261d8c462bf""}",t,2026-07-27 07:54:24.615402+00
75ea863f-f6ee-434a-a5ec-d6a532c3d67b,4cf1fda2-0218-4403-a676-a6697b08aa34,8fc07c29-0c75-4d37-90a8-9157b7db800b,reviewed,24406961-d8b2-4db7-8896-0ef82039d75f,44d05dea-1a26-4451-a384-d3f01dd88ed9,32ee5cec-9b61-494d-afc9-7a7dbee19db5,TEST_ONLY_FIRST_DELIVERY_5_SERVICES,,"{""action"": ""review"", ""action_result"": ""reviewed"", ""transition_id"": ""98439ca3-74fc-424f-9cd5-aa91f1be1ce3""}",t,2026-07-27 07:53:24.23974+00
76ef382b-e7bd-49aa-a324-b79348995ee5,70ea684d-fe11-4505-8d94-73f035770b39,73451e85-6137-4bba-94bb-ec064e3143d6,applied,15b0f3cd-29d8-4eb1-ad15-bb9026986dbc,a8ebca48-9334-4428-95fe-0830cb45c484,0e6784cb-0636-4ecb-9e46-f422be41e1ad,TEST_ONLY_FIRST_DELIVERY_FIVE_SERVICES_REAL_GO_LIVE,,"{""action"": ""apply_decision"", ""action_result"": ""applied"", ""transition_id"": ""1c3e2f22-a445-4b26-b18e-a8239f3418bc""}",t,2026-07-27 10:57:39.7606+00
78da11d0-d59f-4d9c-91f7-4f5101ee6a15,27e5d06b-c1c6-45d6-b96d-cbf89e18e697,921ffbdd-5769-4473-aaee-ee5bbd89b036,applied,15b0f3cd-29d8-4eb1-ad15-bb9026986dbc,a8ebca48-9334-4428-95fe-0830cb45c484,0e6784cb-0636-4ecb-9e46-f422be41e1ad,TEST_ONLY_FIRST_DELIVERY_5_SERVICES,,"{""action"": ""apply_decision"", ""action_result"": ""applied"", ""transition_id"": ""97a94d58-d6aa-4020-a633-769749c62c7f""}",t,2026-07-27 07:47:47.822416+00
7a27d25a-bac1-40a0-9a3d-293bfd0d39ec,7df02398-bf56-4c75-b63b-f5ec20e39360,6b3017ba-a7d1-4327-a592-045506a8d01e,cleared,f0d8a6b1-7845-46bd-8a12-d78ed6af2bfd,ff580c59-076b-40ff-9d64-0502d1c1125d,af495507-2cf9-4578-9b39-5a25ca1a6f0a,TEST_ONLY_FIRST_DELIVERY_FIVE_SERVICES_REAL_GO_LIVE,,"{""action"": ""clear"", ""action_result"": ""cleared"", ""transition_id"": ""0b245c4a-6869-4b27-936e-2991f52f72f9""}",t,2026-07-27 10:56:24.614152+00
7a8ff2b1-c172-4800-a620-1406f149a541,85d7068a-8443-4a96-b3bb-b7c658616820,,submitted,2e3ca4d6-603c-4f06-a23e-462bf92fcfd3,,,,,"{""canonical_code"": ""file_withdrawal""}",t,2026-07-27 07:50:09.100699+00
7e759fdb-be3a-4da8-ba05-39422ba56288,54b96b02-872d-4c8e-b326-98e3e4986afa,bc534961-0817-41a4-88ad-dd9a6462eaae,cleared,749a6e5d-eb27-4417-99a4-7abaffe406a3,48e25baf-3ed0-4cde-b128-22d801ce6dd1,544028ec-0590-4119-bf83-7bc6c178fc1a,TEST_ONLY_FIRST_DELIVERY_FIVE_SERVICES_REAL_GO_LIVE,,"{""action"": ""clear"", ""action_result"": ""cleared"", ""transition_id"": ""86231b59-5c83-4c2d-bfd5-be96d20a96f6""}",t,2026-07-27 10:59:05.591701+00
7eb301a4-5182-463a-a2ba-9bd08e538abd,421429ec-f165-4e07-bc3b-278268ec4f33,c0c23633-01b1-4d74-8dd8-c7371da582c6,payment_confirmed,f0d8a6b1-7845-46bd-8a12-d78ed6af2bfd,ff580c59-076b-40ff-9d64-0502d1c1125d,af495507-2cf9-4578-9b39-5a25ca1a6f0a,TEST_ONLY_FIRST_DELIVERY_FIVE_SERVICES_REAL_GO_LIVE,,"{""action"": ""confirm_payment"", ""action_result"": ""payment_confirmed""}",t,2026-07-27 10:59:41.307135+00
809bad1a-45fb-4675-84fe-a0d1231f7e0c,7df02398-bf56-4c75-b63b-f5ec20e39360,,submitted,2e3ca4d6-603c-4f06-a23e-462bf92fcfd3,,,,,"{""canonical_code"": ""file_withdrawal""}",t,2026-07-27 10:56:18.062779+00
8385ccbe-2fa7-4f2b-b96a-30b227c55a7b,d3f5be81-0760-459b-8d30-a3377ab33aa1,afcf7454-2db4-4aec-ac6a-7b213a562311,approved,0b2a2543-a77a-4b86-ad7f-8b35f9db6502,44d05dea-1a26-4451-a384-d3f01dd88ed9,92a20288-a166-4ea3-893e-d8a4300c2828,TEST_ONLY_FIRST_DELIVERY_FIVE_SERVICES_REAL_GO_LIVE,,"{""action"": ""approve"", ""action_result"": ""approved"", ""transition_id"": ""8c372d85-68ce-4e7c-8c5a-fdb7e1e2ad77""}",t,2026-07-27 10:53:59.502564+00
8449e7ca-7ff1-4714-b1df-3c15682323dc,53710937-4a69-4fc6-96b1-c2727c551c6e,d76d8cc2-ee1c-4653-962f-612520f9473b,cleared,0b2a2543-a77a-4b86-ad7f-8b35f9db6502,44d05dea-1a26-4451-a384-d3f01dd88ed9,92a20288-a166-4ea3-893e-d8a4300c2828,TEST_ONLY_FIRST_DELIVERY_FIVE_SERVICES_REAL_GO_LIVE,,"{""action"": ""clear"", ""action_result"": ""cleared"", ""transition_id"": ""27555f84-c339-4371-9ea7-62f09eabab4f""}",t,2026-07-27 11:00:02.399359+00
84d209bb-ec63-4595-85ed-57ab70ba9176,47e6eefe-7ff4-48a0-9c50-bf10af63a99a,15c26e94-b9f4-4088-af5d-08af9bfc3f2f,academic_effect_applied,15b0f3cd-29d8-4eb1-ad15-bb9026986dbc,a8ebca48-9334-4428-95fe-0830cb45c484,0e6784cb-0636-4ecb-9e46-f422be41e1ad,,,"{""effect"": ""final_chance"", ""semester_id"": ""d4dc2d92-00ce-4ea0-a7ed-da06d546512f"", ""academic_year_id"": ""6b297abe-b4d5-47f0-a24e-ea25c7c691f6""}",t,2026-07-27 10:56:17.593801+00
88163c16-b99a-407c-b106-c581af0388ed,30482047-e7e4-4e5a-accd-5a9a097d9e14,76022384-a3e1-4cf4-b2f8-15e35b783338,approved,0b2a2543-a77a-4b86-ad7f-8b35f9db6502,44d05dea-1a26-4451-a384-d3f01dd88ed9,92a20288-a166-4ea3-893e-d8a4300c2828,TEST_ONLY_FIRST_DELIVERY_FIVE_SERVICES_REAL_GO_LIVE,,"{""action"": ""approve"", ""action_result"": ""approved"", ""transition_id"": ""8c372d85-68ce-4e7c-8c5a-fdb7e1e2ad77""}",t,2026-07-27 10:59:46.146693+00
88c71ce0-a29d-47ce-9eb6-3c385b393932,e8f72662-5dd6-45d2-9bab-555c39f7a136,f32eb69c-4a33-4c50-bbf1-54a632e92610,reviewed,24406961-d8b2-4db7-8896-0ef82039d75f,44d05dea-1a26-4451-a384-d3f01dd88ed9,32ee5cec-9b61-494d-afc9-7a7dbee19db5,TEST_ONLY_FIRST_DELIVERY_5_SERVICES,,"{""action"": ""review"", ""action_result"": ""reviewed"", ""transition_id"": ""77006d20-d095-42e3-bd6f-96e838b1c249""}",t,2026-07-27 07:48:07.790878+00
89b565ea-1a12-4599-a850-73a7218cae06,7df02398-bf56-4c75-b63b-f5ec20e39360,f5b6e8ee-8b9f-4360-a34c-e9366121d6fa,cleared,b8b50c98-f26c-413b-a585-fafd0abfaa21,e54caf55-d0b1-424b-8513-a30466fec693,7ad4e3cf-1211-4d21-a4fe-4360cfa16a78,TEST_ONLY_FIRST_DELIVERY_FIVE_SERVICES_REAL_GO_LIVE,,"{""action"": ""clear"", ""action_result"": ""cleared"", ""transition_id"": ""4fc436a3-ee1b-4d1a-9eff-5d8bf0b0dd26""}",t,2026-07-27 10:56:22.003457+00
8a70a245-5c90-4ee7-828d-b3300731ef9f,ade49963-0a68-4c87-a24b-5e067c1be7fd,,submitted,2e3ca4d6-603c-4f06-a23e-462bf92fcfd3,,,,,"{""canonical_code"": ""file_withdrawal""}",t,2026-07-27 10:53:16.136209+00
8fd28b45-3098-481b-9ff7-f0a545e031cb,421429ec-f165-4e07-bc3b-278268ec4f33,e4dab110-dbd2-4620-accb-3bcee158ebad,approved,fb59542d-d410-4fa4-88d3-1e3e2fabe014,bd3616b0-2322-4087-b9b8-b1f0ec244914,c7347947-789b-405a-b6e5-d58c97104438,TEST_ONLY_FIRST_DELIVERY_FIVE_SERVICES_REAL_GO_LIVE,,"{""action"": ""approve"", ""action_result"": ""approved"", ""transition_id"": ""749693b4-da91-44f6-8f66-26238fcf2ac2""}",t,2026-07-27 10:59:39.737994+00
90fe2efa-ac0b-46c5-b979-204d8702be21,54b96b02-872d-4c8e-b326-98e3e4986afa,dc518c3c-efb0-4384-bd1b-9881e4a28d9a,cleared,f0d8a6b1-7845-46bd-8a12-d78ed6af2bfd,ff580c59-076b-40ff-9d64-0502d1c1125d,af495507-2cf9-4578-9b39-5a25ca1a6f0a,TEST_ONLY_FIRST_DELIVERY_FIVE_SERVICES_REAL_GO_LIVE,,"{""action"": ""clear"", ""action_result"": ""cleared"", ""transition_id"": ""0b245c4a-6869-4b27-936e-2991f52f72f9""}",t,2026-07-27 10:59:09.410644+00
92b35b00-a716-4652-9920-407a33b0c0ec,b093dc3d-9fc8-4b16-a0e6-0b767f597d71,67ab4031-499c-4db8-b001-346f16330c7a,reviewed,24406961-d8b2-4db7-8896-0ef82039d75f,44d05dea-1a26-4451-a384-d3f01dd88ed9,32ee5cec-9b61-494d-afc9-7a7dbee19db5,TEST_ONLY_FIRST_DELIVERY_5_SERVICES,,"{""action"": ""review"", ""action_result"": ""reviewed"", ""transition_id"": ""be603578-d9c1-413e-91c0-7a1208cbc9cb""}",t,2026-07-27 07:48:25.778534+00
92bd1f72-a62d-43e4-bca6-0bdb70f8c7a7,4cf1fda2-0218-4403-a676-a6697b08aa34,bd96e7be-490c-41e3-a5a3-6377c6466d20,cleared,b8b50c98-f26c-413b-a585-fafd0abfaa21,e54caf55-d0b1-424b-8513-a30466fec693,7ad4e3cf-1211-4d21-a4fe-4360cfa16a78,TEST_ONLY_FIRST_DELIVERY_5_SERVICES,,"{""action"": ""clear"", ""action_result"": ""cleared"", ""transition_id"": ""4fc436a3-ee1b-4d1a-9eff-5d8bf0b0dd26""}",t,2026-07-27 07:53:47.813771+00
94bffad0-e186-4121-b3de-915223f201c9,24b7ba1f-04c9-44c1-a188-52f74ef908bb,,submitted,2e3ca4d6-603c-4f06-a23e-462bf92fcfd3,,,,,"{""canonical_code"": ""final_chance""}",t,2026-07-27 10:58:56.255815+00
9a4e2026-7bf0-4722-b289-39a22c3fa25c,4cf1fda2-0218-4403-a676-a6697b08aa34,7ca861c3-059b-4efa-aeab-60b0d22a153c,cleared,0b2a2543-a77a-4b86-ad7f-8b35f9db6502,44d05dea-1a26-4451-a384-d3f01dd88ed9,92a20288-a166-4ea3-893e-d8a4300c2828,TEST_ONLY_FIRST_DELIVERY_5_SERVICES,,"{""action"": ""clear"", ""action_result"": ""cleared"", ""transition_id"": ""27555f84-c339-4371-9ea7-62f09eabab4f""}",t,2026-07-27 07:54:00.69705+00
9c301883-454c-4ca9-a777-7c37b1484851,85d7068a-8443-4a96-b3bb-b7c658616820,fbfb4686-63ec-41cc-bb5c-a9165f8fb086,cleared,f0d8a6b1-7845-46bd-8a12-d78ed6af2bfd,ff580c59-076b-40ff-9d64-0502d1c1125d,af495507-2cf9-4578-9b39-5a25ca1a6f0a,TEST_ONLY_FIRST_DELIVERY_5_SERVICES,,"{""action"": ""clear"", ""action_result"": ""cleared"", ""transition_id"": ""0b245c4a-6869-4b27-936e-2991f52f72f9""}",t,2026-07-27 07:51:12.613043+00
9de4b32f-e65a-453c-b6b1-a8cf880b5af6,0f7f11f3-1cdd-492e-a971-5d4479c7e155,ab58d570-9b7b-4f5e-a8d3-8373826aa5b4,cleared,749a6e5d-eb27-4417-99a4-7abaffe406a3,48e25baf-3ed0-4cde-b128-22d801ce6dd1,544028ec-0590-4119-bf83-7bc6c178fc1a,TEST_ONLY_FIRST_DELIVERY_FIVE_SERVICES_REAL_GO_LIVE,,"{""action"": ""clear"", ""action_result"": ""cleared"", ""transition_id"": ""86231b59-5c83-4c2d-bfd5-be96d20a96f6""}",t,2026-07-27 10:54:07.05371+00
a120c446-1992-4ad1-94a6-60ba116de2c3,d3f5be81-0760-459b-8d30-a3377ab33aa1,e05a367a-4f57-4587-aa64-c331a8d39a98,payment_confirmed,f0d8a6b1-7845-46bd-8a12-d78ed6af2bfd,ff580c59-076b-40ff-9d64-0502d1c1125d,af495507-2cf9-4578-9b39-5a25ca1a6f0a,TEST_ONLY_FIRST_DELIVERY_FIVE_SERVICES_REAL_GO_LIVE,,"{""action"": ""confirm_payment"", ""action_result"": ""payment_confirmed""}",t,2026-07-27 10:54:02.450848+00
a1579530-9b9a-491b-93fc-4b8bc8feea07,53710937-4a69-4fc6-96b1-c2727c551c6e,7e17e23e-2200-4bb4-86f5-0b39eede3764,applied,15b0f3cd-29d8-4eb1-ad15-bb9026986dbc,a8ebca48-9334-4428-95fe-0830cb45c484,0e6784cb-0636-4ecb-9e46-f422be41e1ad,TEST_ONLY_FIRST_DELIVERY_FIVE_SERVICES_REAL_GO_LIVE,,"{""action"": ""apply_decision"", ""action_result"": ""applied"", ""transition_id"": ""02c17d25-ec0a-402e-aa60-c261d8c462bf""}",t,2026-07-27 11:00:05.363295+00
a4dd4b47-dba1-41e1-9b1d-28c765757115,7df02398-bf56-4c75-b63b-f5ec20e39360,2ddd23de-f1bc-49fd-8d46-f816800ad6dd,applied,15b0f3cd-29d8-4eb1-ad15-bb9026986dbc,a8ebca48-9334-4428-95fe-0830cb45c484,0e6784cb-0636-4ecb-9e46-f422be41e1ad,TEST_ONLY_FIRST_DELIVERY_FIVE_SERVICES_REAL_GO_LIVE,,"{""action"": ""apply_decision"", ""action_result"": ""applied"", ""transition_id"": ""02c17d25-ec0a-402e-aa60-c261d8c462bf""}",t,2026-07-27 10:56:25.895101+00
a51276c4-9722-4cd9-aac0-44c6e28a5166,4953f79c-fcf1-4119-8ef3-a0c6c240534f,9f78107b-194b-4684-bea9-0210a5361c81,reviewed,24406961-d8b2-4db7-8896-0ef82039d75f,44d05dea-1a26-4451-a384-d3f01dd88ed9,32ee5cec-9b61-494d-afc9-7a7dbee19db5,TEST_ONLY_FIRST_DELIVERY_5_SERVICES,,"{""action"": ""review"", ""action_result"": ""reviewed"", ""transition_id"": ""39d8ec89-9c89-4110-abba-89aadcd719a8""}",t,2026-07-27 07:48:48.77001+00
a59947ed-3197-4d19-bbdd-4d31fd243f1f,de9e6c7f-eaec-4d32-9e8c-7ce168d542c5,8e695614-ffef-4149-aca8-dfcbf0c850c1,applied,24406961-d8b2-4db7-8896-0ef82039d75f,44d05dea-1a26-4451-a384-d3f01dd88ed9,32ee5cec-9b61-494d-afc9-7a7dbee19db5,TEST_ONLY_FIRST_DELIVERY_FIVE_SERVICES_REAL_GO_LIVE,,"{""action"": ""apply_decision"", ""action_result"": ""applied"", ""transition_id"": ""5d8d6b61-4cef-43fe-bc50-968be362d382""}",t,2026-07-27 10:59:32.75921+00
a6709ae7-1093-4b63-aea9-f3d9b3bcb174,4cf1fda2-0218-4403-a676-a6697b08aa34,83720f6c-2341-4378-a852-f192eabca56b,cleared,749a6e5d-eb27-4417-99a4-7abaffe406a3,48e25baf-3ed0-4cde-b128-22d801ce6dd1,544028ec-0590-4119-bf83-7bc6c178fc1a,TEST_ONLY_FIRST_DELIVERY_5_SERVICES,,"{""action"": ""clear"", ""action_result"": ""cleared"", ""transition_id"": ""86231b59-5c83-4c2d-bfd5-be96d20a96f6""}",t,2026-07-27 07:53:36.11791+00
a8634c0c-0a5b-4733-ae99-b63ecb397855,27e5d06b-c1c6-45d6-b96d-cbf89e18e697,66800a47-5fd1-46c5-a79f-15f6b888fac0,approved,0b2a2543-a77a-4b86-ad7f-8b35f9db6502,44d05dea-1a26-4451-a384-d3f01dd88ed9,92a20288-a166-4ea3-893e-d8a4300c2828,TEST_ONLY_FIRST_DELIVERY_5_SERVICES,,"{""action"": ""approve"", ""action_result"": ""approved"", ""transition_id"": ""e0a32701-a5f4-49d0-be88-477210b2fb02""}",t,2026-07-27 07:28:37.666663+00
a89ce66c-8e9f-4f1e-8fef-cffe2da739c4,fda9e39c-ab82-44e2-aef6-0b422d401e0e,,submitted,2e3ca4d6-603c-4f06-a23e-462bf92fcfd3,,,,,"{""canonical_code"": ""final_chance""}",t,2026-07-27 10:53:14.308204+00
a9a99305-5c28-4586-b703-6466058f035c,54b96b02-872d-4c8e-b326-98e3e4986afa,,submitted,2e3ca4d6-603c-4f06-a23e-462bf92fcfd3,,,,,"{""canonical_code"": ""file_withdrawal""}",t,2026-07-27 10:59:02.863178+00
acaa875e-fcc4-47fb-af08-b48e1b5ea848,9e97eeac-640b-4778-ba72-3463c1c438d3,a38bddd5-2696-45f6-9d59-78366ee24727,reviewed,24406961-d8b2-4db7-8896-0ef82039d75f,44d05dea-1a26-4451-a384-d3f01dd88ed9,32ee5cec-9b61-494d-afc9-7a7dbee19db5,TEST_ONLY_FIRST_DELIVERY_FIVE_SERVICES_REAL_GO_LIVE,,"{""action"": ""review"", ""action_result"": ""reviewed"", ""transition_id"": ""77006d20-d095-42e3-bd6f-96e838b1c249""}",t,2026-07-27 10:58:52.081544+00
acbd95f7-981b-4cb6-8394-38d54fe8ece1,30482047-e7e4-4e5a-accd-5a9a097d9e14,,submitted,2e3ca4d6-603c-4f06-a23e-462bf92fcfd3,,,,,"{""canonical_code"": ""final_chance""}",t,2026-07-27 10:59:43.216745+00
ace12187-29ef-44df-a09d-bfd1b239a12f,70ea684d-fe11-4505-8d94-73f035770b39,73451e85-6137-4bba-94bb-ec064e3143d6,step_entered,f0d8a6b1-7845-46bd-8a12-d78ed6af2bfd,,,,,"{""from_step_id"": ""d42f271c-450e-4037-8f5e-eba76585a9eb"", ""action_result"": ""payment_confirmed"", ""transition_id"": ""e45a8f5d-8c87-440e-b077-cfcc02b92cb3""}",f,2026-07-27 10:57:38.377075+00
aebfff10-f2d5-455d-a72c-51ea991b3632,85d7068a-8443-4a96-b3bb-b7c658616820,e0c27ce3-d59b-4de7-91b9-8918bdd3f0aa,cleared,b8b50c98-f26c-413b-a585-fafd0abfaa21,e54caf55-d0b1-424b-8513-a30466fec693,7ad4e3cf-1211-4d21-a4fe-4360cfa16a78,TEST_ONLY_FIRST_DELIVERY_5_SERVICES,,"{""action"": ""clear"", ""action_result"": ""cleared"", ""transition_id"": ""4fc436a3-ee1b-4d1a-9eff-5d8bf0b0dd26""}",t,2026-07-27 07:50:47.620489+00
b1153a35-bd02-4904-a071-d48eae622fce,0f7f11f3-1cdd-492e-a971-5d4479c7e155,109124c4-940a-4d62-88c0-d895363af109,cleared,0b2a2543-a77a-4b86-ad7f-8b35f9db6502,44d05dea-1a26-4451-a384-d3f01dd88ed9,92a20288-a166-4ea3-893e-d8a4300c2828,TEST_ONLY_FIRST_DELIVERY_FIVE_SERVICES_REAL_GO_LIVE,,"{""action"": ""clear"", ""action_result"": ""cleared"", ""transition_id"": ""27555f84-c339-4371-9ea7-62f09eabab4f""}",t,2026-07-27 10:54:09.878657+00
b1786aa8-32bc-421a-8221-117da7212f48,4cf1fda2-0218-4403-a676-a6697b08aa34,,submitted,2e3ca4d6-603c-4f06-a23e-462bf92fcfd3,,,,,"{""canonical_code"": ""file_withdrawal""}",t,2026-07-27 07:53:11.833723+00
b46ab0f3-d426-47e1-8f31-4130ca1db5b5,c3acb770-2a89-441a-93cd-d0ff882a3e4b,0d1adbc9-c25c-421f-a9c6-71886f91f015,applied,15b0f3cd-29d8-4eb1-ad15-bb9026986dbc,a8ebca48-9334-4428-95fe-0830cb45c484,0e6784cb-0636-4ecb-9e46-f422be41e1ad,TEST_ONLY_FIRST_DELIVERY_FIVE_SERVICES_REAL_GO_LIVE,,"{""action"": ""apply_decision"", ""action_result"": ""applied"", ""transition_id"": ""97a94d58-d6aa-4020-a633-769749c62c7f""}",t,2026-07-27 10:59:55.878683+00
b4b9ac7d-51c4-453a-b434-9332d65a1d1d,4953f79c-fcf1-4119-8ef3-a0c6c240534f,87100e4f-fdc6-4336-bbf8-1d6e7f625e15,approved,fb59542d-d410-4fa4-88d3-1e3e2fabe014,bd3616b0-2322-4087-b9b8-b1f0ec244914,c7347947-789b-405a-b6e5-d58c97104438,TEST_ONLY_FIRST_DELIVERY_5_SERVICES,,"{""action"": ""approve"", ""action_result"": ""approved"", ""transition_id"": ""749693b4-da91-44f6-8f66-26238fcf2ac2""}",t,2026-07-27 07:49:20.16997+00
ba010695-71b1-4aa0-a945-8863cb17799b,54b96b02-872d-4c8e-b326-98e3e4986afa,4c93e34d-5874-4269-a07f-bab986d6290a,archived,676ecf19-4c7a-45eb-86db-2c141e5a7691,b9bc6b28-c948-4ef9-b6b0-e74752ea3db4,0e2c5110-9014-43d1-bf80-e3a74a4a17bc,TEST_ONLY_FIRST_DELIVERY_FIVE_SERVICES_REAL_GO_LIVE,,"{""action"": ""archive"", ""action_result"": ""archived"", ""transition_id"": ""2b2285bb-3fe6-44ce-911f-9f73a77adb01""}",t,2026-07-27 10:59:11.878808+00
ba77a55b-ed84-4a6e-a142-81c8e2b27011,9e97eeac-640b-4778-ba72-3463c1c438d3,a966ede3-eeca-4ecb-813f-97f203074c77,academic_effect_applied,15b0f3cd-29d8-4eb1-ad15-bb9026986dbc,a8ebca48-9334-4428-95fe-0830cb45c484,0e6784cb-0636-4ecb-9e46-f422be41e1ad,,,"{""effect"": ""enrollment_suspension"", ""semester_id"": ""d4dc2d92-00ce-4ea0-a7ed-da06d546512f"", ""academic_year_id"": ""6b297abe-b4d5-47f0-a24e-ea25c7c691f6""}",t,2026-07-27 10:58:54.687514+00
bab619f5-8d15-4a91-ad99-2408c3ac71e6,4953f79c-fcf1-4119-8ef3-a0c6c240534f,d76db599-70d5-47fa-b220-8bf8cbb90ee6,approved,4b45ddf7-140a-44b1-a452-e51c182aab5d,fc58655d-326a-462f-9f66-cab6d32cc8fa,06b461ab-8f47-4d4c-8ffa-fc8c23f80620,TEST_ONLY_FIRST_DELIVERY_5_SERVICES,,"{""action"": ""approve"", ""action_result"": ""approved"", ""transition_id"": ""068da4df-2cf0-4464-91a6-8810995f563b""}",t,2026-07-27 07:49:09.917045+00
bad3ca92-832d-429c-a3d7-bbd5f3919840,f2a8e4bb-b305-4dc9-8ec7-570a2c35c993,,submitted,2e3ca4d6-603c-4f06-a23e-462bf92fcfd3,,,,,"{""canonical_code"": ""file_withdrawal""}",t,2026-07-27 10:57:40.272233+00
bb615616-8bbc-43e5-acd8-c7416237f70a,9e97eeac-640b-4778-ba72-3463c1c438d3,a966ede3-eeca-4ecb-813f-97f203074c77,applied,15b0f3cd-29d8-4eb1-ad15-bb9026986dbc,a8ebca48-9334-4428-95fe-0830cb45c484,0e6784cb-0636-4ecb-9e46-f422be41e1ad,TEST_ONLY_FIRST_DELIVERY_FIVE_SERVICES_REAL_GO_LIVE,,"{""action"": ""apply_decision"", ""action_result"": ""applied"", ""transition_id"": ""97a94d58-d6aa-4020-a633-769749c62c7f""}",t,2026-07-27 10:58:54.687514+00
bdc37efd-fc02-458c-8182-0e22a00902ea,421429ec-f165-4e07-bc3b-278268ec4f33,88fed604-6d3a-4a42-9143-09986e68138c,approved,4b45ddf7-140a-44b1-a452-e51c182aab5d,fc58655d-326a-462f-9f66-cab6d32cc8fa,06b461ab-8f47-4d4c-8ffa-fc8c23f80620,TEST_ONLY_FIRST_DELIVERY_FIVE_SERVICES_REAL_GO_LIVE,,"{""action"": ""approve"", ""action_result"": ""approved"", ""transition_id"": ""068da4df-2cf0-4464-91a6-8810995f563b""}",t,2026-07-27 10:59:38.318871+00
be332c35-8638-4e69-af21-638458b7cf45,6c4ca023-11d4-41e9-91ce-55d353795909,650fa8ee-86bb-4e01-8d4b-0236fcb33813,payment_confirmed,f0d8a6b1-7845-46bd-8a12-d78ed6af2bfd,ff580c59-076b-40ff-9d64-0502d1c1125d,af495507-2cf9-4578-9b39-5a25ca1a6f0a,TEST_ONLY external university payment confirmation,,"{""action"": ""confirm_payment"", ""action_result"": ""payment_confirmed""}",t,2026-07-27 07:53:02.020544+00
bead3473-74e8-46d8-90fb-77149c46135f,70ea684d-fe11-4505-8d94-73f035770b39,,submitted,2e3ca4d6-603c-4f06-a23e-462bf92fcfd3,,,,,"{""canonical_code"": ""final_chance""}",t,2026-07-27 10:57:32.388324+00
bec61e5c-2f6d-4d88-9915-36185d5fac10,30482047-e7e4-4e5a-accd-5a9a097d9e14,57cd0a91-6caa-4cc8-a16b-02b71b2960f4,reviewed,24406961-d8b2-4db7-8896-0ef82039d75f,44d05dea-1a26-4451-a384-d3f01dd88ed9,32ee5cec-9b61-494d-afc9-7a7dbee19db5,TEST_ONLY_FIRST_DELIVERY_FIVE_SERVICES_REAL_GO_LIVE,,"{""action"": ""review"", ""action_result"": ""reviewed"", ""transition_id"": ""9d710b2d-4955-43a1-8251-e933930614d6""}",t,2026-07-27 10:59:44.701427+00
bfb68f2f-14e3-4e01-a7ae-10bd74e232d7,27e5d06b-c1c6-45d6-b96d-cbf89e18e697,0ee6307f-bd39-45de-8531-a19981747f12,reviewed,24406961-d8b2-4db7-8896-0ef82039d75f,44d05dea-1a26-4451-a384-d3f01dd88ed9,32ee5cec-9b61-494d-afc9-7a7dbee19db5,TEST_ONLY_FIRST_DELIVERY_5_SERVICES,,"{""action"": ""review"", ""action_result"": ""reviewed"", ""transition_id"": ""77006d20-d095-42e3-bd6f-96e838b1c249""}",t,2026-07-27 07:28:31.564567+00
c0824cf5-7758-46bb-bb7a-4884851d50b1,b093dc3d-9fc8-4b16-a0e6-0b767f597d71,17df34ce-3999-4ec3-a7e9-2cfb5ea2602d,applied,24406961-d8b2-4db7-8896-0ef82039d75f,44d05dea-1a26-4451-a384-d3f01dd88ed9,32ee5cec-9b61-494d-afc9-7a7dbee19db5,TEST_ONLY_FIRST_DELIVERY_5_SERVICES,,"{""action"": ""apply_decision"", ""action_result"": ""applied"", ""transition_id"": ""5d8d6b61-4cef-43fe-bc50-968be362d382""}",t,2026-07-27 07:48:36.498798+00
c0a4b950-55f9-434a-bf94-52b0d53c6605,30482047-e7e4-4e5a-accd-5a9a097d9e14,ffe3aa11-a75b-4faf-b111-962e1e28372e,approved,fb59542d-d410-4fa4-88d3-1e3e2fabe014,bd3616b0-2322-4087-b9b8-b1f0ec244914,c7347947-789b-405a-b6e5-d58c97104438,TEST_ONLY_FIRST_DELIVERY_FIVE_SERVICES_REAL_GO_LIVE,,"{""action"": ""approve"", ""action_result"": ""approved"", ""transition_id"": ""8eec4e4c-6219-47c8-99a5-e016c7660fd7""}",t,2026-07-27 10:59:47.639482+00
c1f5ea3d-0bec-4a9f-b0bc-df8a2cbfbd05,47e6eefe-7ff4-48a0-9c50-bf10af63a99a,,submitted,2e3ca4d6-603c-4f06-a23e-462bf92fcfd3,,,,,"{""canonical_code"": ""final_chance""}",t,2026-07-27 10:56:09.992406+00
c2a3196c-af1f-4362-8658-0cba90feb06e,30482047-e7e4-4e5a-accd-5a9a097d9e14,7ad308bf-f1fb-4808-8d47-e065df738626,payment_confirmed,f0d8a6b1-7845-46bd-8a12-d78ed6af2bfd,ff580c59-076b-40ff-9d64-0502d1c1125d,af495507-2cf9-4578-9b39-5a25ca1a6f0a,TEST_ONLY_FIRST_DELIVERY_FIVE_SERVICES_REAL_GO_LIVE,,"{""action"": ""confirm_payment"", ""action_result"": ""payment_confirmed""}",t,2026-07-27 10:59:49.090611+00
c3a84c49-d4c4-48d1-918c-acbf3aea0f88,85d7068a-8443-4a96-b3bb-b7c658616820,b80f493b-0b9b-4f56-af3d-fa2131e5227d,reviewed,24406961-d8b2-4db7-8896-0ef82039d75f,44d05dea-1a26-4451-a384-d3f01dd88ed9,32ee5cec-9b61-494d-afc9-7a7dbee19db5,TEST_ONLY_FIRST_DELIVERY_5_SERVICES,,"{""action"": ""review"", ""action_result"": ""reviewed"", ""transition_id"": ""98439ca3-74fc-424f-9cd5-aa91f1be1ce3""}",t,2026-07-27 07:50:23.548069+00
c53ead73-52cb-4d74-8275-b899e937005e,54b96b02-872d-4c8e-b326-98e3e4986afa,bdba4d82-16cc-4cfe-b9ba-167a15e20d4b,cleared,b8b50c98-f26c-413b-a585-fafd0abfaa21,e54caf55-d0b1-424b-8513-a30466fec693,7ad4e3cf-1211-4d21-a4fe-4360cfa16a78,TEST_ONLY_FIRST_DELIVERY_FIVE_SERVICES_REAL_GO_LIVE,,"{""action"": ""clear"", ""action_result"": ""cleared"", ""transition_id"": ""4fc436a3-ee1b-4d1a-9eff-5d8bf0b0dd26""}",t,2026-07-27 10:59:06.902029+00
c6f594a5-b887-4f56-89a3-2e1ed36b7ef9,f2a8e4bb-b305-4dc9-8ec7-570a2c35c993,42ff254c-788b-4674-8197-7f2ad1349b56,archived,676ecf19-4c7a-45eb-86db-2c141e5a7691,b9bc6b28-c948-4ef9-b6b0-e74752ea3db4,0e2c5110-9014-43d1-bf80-e3a74a4a17bc,TEST_ONLY_FIRST_DELIVERY_FIVE_SERVICES_REAL_GO_LIVE,,"{""action"": ""archive"", ""action_result"": ""archived"", ""transition_id"": ""2b2285bb-3fe6-44ce-911f-9f73a77adb01""}",t,2026-07-27 10:57:50.118589+00
c7fb109c-8914-4e0a-b5a0-9c82d736db11,c3acb770-2a89-441a-93cd-d0ff882a3e4b,0d1adbc9-c25c-421f-a9c6-71886f91f015,academic_effect_applied,15b0f3cd-29d8-4eb1-ad15-bb9026986dbc,a8ebca48-9334-4428-95fe-0830cb45c484,0e6784cb-0636-4ecb-9e46-f422be41e1ad,,,"{""effect"": ""enrollment_suspension"", ""semester_id"": ""d4dc2d92-00ce-4ea0-a7ed-da06d546512f"", ""academic_year_id"": ""6b297abe-b4d5-47f0-a24e-ea25c7c691f6""}",t,2026-07-27 10:59:55.878683+00
c964d249-4414-44c3-b36f-f359c5ad2a84,53710937-4a69-4fc6-96b1-c2727c551c6e,ce4cf26f-38dd-4e05-a1cb-f4ed783e2041,cleared,749a6e5d-eb27-4417-99a4-7abaffe406a3,48e25baf-3ed0-4cde-b128-22d801ce6dd1,544028ec-0590-4119-bf83-7bc6c178fc1a,TEST_ONLY_FIRST_DELIVERY_FIVE_SERVICES_REAL_GO_LIVE,,"{""action"": ""clear"", ""action_result"": ""cleared"", ""transition_id"": ""86231b59-5c83-4c2d-bfd5-be96d20a96f6""}",t,2026-07-27 10:59:59.312359+00
caf5c264-cf87-4b04-aa1b-9479d333f6a3,e8f72662-5dd6-45d2-9bab-555c39f7a136,cbb95323-bc9b-43dd-a5e6-df26447306c6,applied,15b0f3cd-29d8-4eb1-ad15-bb9026986dbc,a8ebca48-9334-4428-95fe-0830cb45c484,0e6784cb-0636-4ecb-9e46-f422be41e1ad,TEST_ONLY_FIRST_DELIVERY_5_SERVICES,,"{""action"": ""apply_decision"", ""action_result"": ""applied"", ""transition_id"": ""97a94d58-d6aa-4020-a633-769749c62c7f""}",t,2026-07-27 07:48:20.016507+00
cb074931-c374-4f44-99ae-a3834d2628d8,9e97eeac-640b-4778-ba72-3463c1c438d3,3f2f79f7-feff-4701-9bc6-13620541e989,approved,0b2a2543-a77a-4b86-ad7f-8b35f9db6502,44d05dea-1a26-4451-a384-d3f01dd88ed9,92a20288-a166-4ea3-893e-d8a4300c2828,TEST_ONLY_FIRST_DELIVERY_FIVE_SERVICES_REAL_GO_LIVE,,"{""action"": ""approve"", ""action_result"": ""approved"", ""transition_id"": ""e0a32701-a5f4-49d0-be88-477210b2fb02""}",t,2026-07-27 10:58:53.394792+00
cda52e95-d4b0-4efb-a20a-69dc3416e922,47e6eefe-7ff4-48a0-9c50-bf10af63a99a,15c26e94-b9f4-4088-af5d-08af9bfc3f2f,applied,15b0f3cd-29d8-4eb1-ad15-bb9026986dbc,a8ebca48-9334-4428-95fe-0830cb45c484,0e6784cb-0636-4ecb-9e46-f422be41e1ad,TEST_ONLY_FIRST_DELIVERY_FIVE_SERVICES_REAL_GO_LIVE,,"{""action"": ""apply_decision"", ""action_result"": ""applied"", ""transition_id"": ""1c3e2f22-a445-4b26-b18e-a8239f3418bc""}",t,2026-07-27 10:56:17.593801+00
cee6b8de-82d0-455e-8d65-886896155200,4953f79c-fcf1-4119-8ef3-a0c6c240534f,,submitted,2e3ca4d6-603c-4f06-a23e-462bf92fcfd3,,,,,"{""canonical_code"": ""department_transfer""}",t,2026-07-27 07:48:37.686692+00
d008119e-cd9d-4323-a0f8-c699d95f1311,53710937-4a69-4fc6-96b1-c2727c551c6e,23145fc0-c911-4cf9-99ca-8ec8b375dd35,cleared,b8b50c98-f26c-413b-a585-fafd0abfaa21,e54caf55-d0b1-424b-8513-a30466fec693,7ad4e3cf-1211-4d21-a4fe-4360cfa16a78,TEST_ONLY_FIRST_DELIVERY_FIVE_SERVICES_REAL_GO_LIVE,,"{""action"": ""clear"", ""action_result"": ""cleared"", ""transition_id"": ""4fc436a3-ee1b-4d1a-9eff-5d8bf0b0dd26""}",t,2026-07-27 11:00:00.811177+00
d009331e-f915-4ea1-8c84-99df08ccf3a9,4953f79c-fcf1-4119-8ef3-a0c6c240534f,fb165dd1-c75f-4880-bba7-cd638a79fb81,approved,49f152f8-db2b-4bd0-af08-2f8b3425d053,fc58655d-326a-462f-9f66-cab6d32cc8fa,06b461ab-8f47-4d4c-8ffa-fc8c23f80620,TEST_ONLY_FIRST_DELIVERY_5_SERVICES,,"{""action"": ""approve"", ""action_result"": ""approved"", ""transition_id"": ""b7c99ff8-115b-4aec-8e26-a2faf6008cc6""}",t,2026-07-27 07:48:59.840255+00
d02fdcf0-166a-4e04-bd9f-436eb74c2fbc,53710937-4a69-4fc6-96b1-c2727c551c6e,ed42fbca-a462-4654-be43-c411b4eeabd3,cleared,f0d8a6b1-7845-46bd-8a12-d78ed6af2bfd,ff580c59-076b-40ff-9d64-0502d1c1125d,af495507-2cf9-4578-9b39-5a25ca1a6f0a,TEST_ONLY_FIRST_DELIVERY_FIVE_SERVICES_REAL_GO_LIVE,,"{""action"": ""clear"", ""action_result"": ""cleared"", ""transition_id"": ""0b245c4a-6869-4b27-936e-2991f52f72f9""}",t,2026-07-27 11:00:03.912663+00
d2266fcf-fcda-4246-8fa5-9bb6e3c5366e,b093dc3d-9fc8-4b16-a0e6-0b767f597d71,f334f92b-3be0-419d-97f5-bccb390f757e,approved,0b2a2543-a77a-4b86-ad7f-8b35f9db6502,44d05dea-1a26-4451-a384-d3f01dd88ed9,92a20288-a166-4ea3-893e-d8a4300c2828,TEST_ONLY_FIRST_DELIVERY_5_SERVICES,,"{""action"": ""approve"", ""action_result"": ""approved"", ""transition_id"": ""b102869d-bb4e-4d49-8a35-0a716fe904a5""}",t,2026-07-27 07:48:31.912073+00
d2e14ab4-796e-437e-98de-c6d2b28ec0b1,6c4ca023-11d4-41e9-91ce-55d353795909,29b3afc0-180e-4872-a2e9-30566ffe6081,step_entered,f0d8a6b1-7845-46bd-8a12-d78ed6af2bfd,,,,,"{""from_step_id"": ""650fa8ee-86bb-4e01-8d4b-0236fcb33813"", ""action_result"": ""payment_confirmed"", ""transition_id"": ""e45a8f5d-8c87-440e-b077-cfcc02b92cb3""}",f,2026-07-27 07:53:02.020544+00
d32e9818-8c67-4941-a85c-eb2d085230a7,b093dc3d-9fc8-4b16-a0e6-0b767f597d71,,submitted,2e3ca4d6-603c-4f06-a23e-462bf92fcfd3,,,,,"{""canonical_code"": ""excused_absence""}",t,2026-07-27 07:48:21.165513+00
d41a5a0d-4ee9-4727-a2bf-97e98c703324,0f7f11f3-1cdd-492e-a971-5d4479c7e155,daa82549-a8be-4a22-9339-367ddc9bebd4,cleared,b8b50c98-f26c-413b-a585-fafd0abfaa21,e54caf55-d0b1-424b-8513-a30466fec693,7ad4e3cf-1211-4d21-a4fe-4360cfa16a78,TEST_ONLY_FIRST_DELIVERY_FIVE_SERVICES_REAL_GO_LIVE,,"{""action"": ""clear"", ""action_result"": ""cleared"", ""transition_id"": ""4fc436a3-ee1b-4d1a-9eff-5d8bf0b0dd26""}",t,2026-07-27 10:54:08.467092+00
d62de99f-7130-46fe-8df7-b4406e9cd18e,30482047-e7e4-4e5a-accd-5a9a097d9e14,197a38c9-6633-4ae8-aa51-873ee46c4be5,academic_effect_applied,15b0f3cd-29d8-4eb1-ad15-bb9026986dbc,a8ebca48-9334-4428-95fe-0830cb45c484,0e6784cb-0636-4ecb-9e46-f422be41e1ad,,,"{""effect"": ""final_chance"", ""semester_id"": ""d4dc2d92-00ce-4ea0-a7ed-da06d546512f"", ""academic_year_id"": ""6b297abe-b4d5-47f0-a24e-ea25c7c691f6""}",t,2026-07-27 10:59:50.521601+00
d6f33ed3-8c16-4ac9-89e2-2c5a04a717b1,27e5d06b-c1c6-45d6-b96d-cbf89e18e697,,submitted,2e3ca4d6-603c-4f06-a23e-462bf92fcfd3,,,,,"{""canonical_code"": ""enrollment_suspension""}",t,2026-07-27 07:21:15.890025+00
d8724a7b-4072-478a-905c-d09075320238,c3acb770-2a89-441a-93cd-d0ff882a3e4b,9579a397-44fb-43ae-a363-dd4fa720aa7b,reviewed,24406961-d8b2-4db7-8896-0ef82039d75f,44d05dea-1a26-4451-a384-d3f01dd88ed9,32ee5cec-9b61-494d-afc9-7a7dbee19db5,TEST_ONLY_FIRST_DELIVERY_FIVE_SERVICES_REAL_GO_LIVE,,"{""action"": ""review"", ""action_result"": ""reviewed"", ""transition_id"": ""77006d20-d095-42e3-bd6f-96e838b1c249""}",t,2026-07-27 10:59:52.571676+00
d936a0d4-563f-4fae-9e82-327c1454be29,7df02398-bf56-4c75-b63b-f5ec20e39360,ccf5ea8a-d828-4f0b-9157-6c3e5252d1d8,cleared,0b2a2543-a77a-4b86-ad7f-8b35f9db6502,44d05dea-1a26-4451-a384-d3f01dd88ed9,92a20288-a166-4ea3-893e-d8a4300c2828,TEST_ONLY_FIRST_DELIVERY_FIVE_SERVICES_REAL_GO_LIVE,,"{""action"": ""clear"", ""action_result"": ""cleared"", ""transition_id"": ""27555f84-c339-4371-9ea7-62f09eabab4f""}",t,2026-07-27 10:56:23.329384+00
d95dbedb-1e06-42db-b3e6-58cbbadbcfab,f2a8e4bb-b305-4dc9-8ec7-570a2c35c993,8387d216-5089-44a2-b072-8c624a571c2d,academic_effect_applied,15b0f3cd-29d8-4eb1-ad15-bb9026986dbc,a8ebca48-9334-4428-95fe-0830cb45c484,0e6784cb-0636-4ecb-9e46-f422be41e1ad,,,"{""effect"": ""file_withdrawal"", ""academic_status_id"": ""f864d89a-0017-4051-b627-61e587e946af""}",t,2026-07-27 10:57:48.743794+00
dd42f5ea-6094-4269-b448-7b0583b2289f,4953f79c-fcf1-4119-8ef3-a0c6c240534f,dc4993b3-8488-4fbd-b072-2aa1c75799be,applied,15b0f3cd-29d8-4eb1-ad15-bb9026986dbc,a8ebca48-9334-4428-95fe-0830cb45c484,0e6784cb-0636-4ecb-9e46-f422be41e1ad,TEST_ONLY_FIRST_DELIVERY_5_SERVICES,,"{""action"": ""apply_decision"", ""action_result"": ""applied"", ""transition_id"": ""12ffa028-8bd2-48ef-afe2-57155480f527""}",t,2026-07-27 07:52:50.412137+00
de46bf64-e3a1-488d-a85a-47d2c6ef132d,e8f72662-5dd6-45d2-9bab-555c39f7a136,,submitted,2e3ca4d6-603c-4f06-a23e-462bf92fcfd3,,,,,"{""canonical_code"": ""enrollment_suspension""}",t,2026-07-27 07:48:00.64458+00
e201634c-5589-4430-8343-7a9edb2d0cd4,70ea684d-fe11-4505-8d94-73f035770b39,a6780cda-64fa-45e9-bf9e-4c8130f25856,approved,fb59542d-d410-4fa4-88d3-1e3e2fabe014,bd3616b0-2322-4087-b9b8-b1f0ec244914,c7347947-789b-405a-b6e5-d58c97104438,TEST_ONLY_FIRST_DELIVERY_FIVE_SERVICES_REAL_GO_LIVE,,"{""action"": ""approve"", ""action_result"": ""approved"", ""transition_id"": ""8eec4e4c-6219-47c8-99a5-e016c7660fd7""}",t,2026-07-27 10:57:36.898031+00
e3294732-fe5b-4032-b67a-31b6bc891624,4953f79c-fcf1-4119-8ef3-a0c6c240534f,dc4993b3-8488-4fbd-b072-2aa1c75799be,step_entered,f0d8a6b1-7845-46bd-8a12-d78ed6af2bfd,,,,,"{""from_step_id"": ""5fa4c7a3-4202-47fa-8ad9-27618ee21990"", ""action_result"": ""payment_confirmed"", ""transition_id"": ""cb7c4ae1-05ab-4d87-9a6a-e596d4e7485b""}",f,2026-07-27 07:52:40.073096+00
e731cf34-bce3-47a3-b7ea-e8625586c071,0277c36b-462f-410c-830b-6960a01dd163,2d064947-204c-4b26-9dbd-225a9dee8f1c,applied,15b0f3cd-29d8-4eb1-ad15-bb9026986dbc,a8ebca48-9334-4428-95fe-0830cb45c484,0e6784cb-0636-4ecb-9e46-f422be41e1ad,TEST_ONLY_FIRST_DELIVERY_5_SERVICES,,"{""action"": ""apply_decision"", ""action_result"": ""applied"", ""transition_id"": ""97a94d58-d6aa-4020-a633-769749c62c7f""}",t,2026-07-27 07:52:10.128829+00
ebf82e83-00cc-4251-8c76-5570db07f63d,0f7f11f3-1cdd-492e-a971-5d4479c7e155,9423124b-520c-4a0f-b468-e2bb6f69017d,reviewed,24406961-d8b2-4db7-8896-0ef82039d75f,44d05dea-1a26-4451-a384-d3f01dd88ed9,32ee5cec-9b61-494d-afc9-7a7dbee19db5,TEST_ONLY_FIRST_DELIVERY_FIVE_SERVICES_REAL_GO_LIVE,,"{""action"": ""review"", ""action_result"": ""reviewed"", ""transition_id"": ""98439ca3-74fc-424f-9cd5-aa91f1be1ce3""}",t,2026-07-27 10:54:05.622321+00
ecc878ec-f75c-4c61-83cf-9fbd2b732545,421429ec-f165-4e07-bc3b-278268ec4f33,6003c37c-924f-4987-8e5e-817643a74b7f,step_entered,f0d8a6b1-7845-46bd-8a12-d78ed6af2bfd,,,,,"{""from_step_id"": ""c0c23633-01b1-4d74-8dd8-c7371da582c6"", ""action_result"": ""payment_confirmed"", ""transition_id"": ""cb7c4ae1-05ab-4d87-9a6a-e596d4e7485b""}",f,2026-07-27 10:59:41.307135+00
ee0f7f4d-7610-47a0-a16f-34a7533cefbd,c876eb00-4677-4b7b-ba8f-d8a15392f0df,,submitted,2e3ca4d6-603c-4f06-a23e-462bf92fcfd3,,,,,"{""canonical_code"": ""enrollment_suspension""}",t,2026-07-27 10:52:15.687354+00
eefa7861-b0fb-4ebf-b9de-c180642fa720,e3cc0366-b6fc-4d64-8c01-541030f83b00,8187faeb-a537-4cf1-8f5b-bc7b509e3df4,reviewed,24406961-d8b2-4db7-8896-0ef82039d75f,44d05dea-1a26-4451-a384-d3f01dd88ed9,32ee5cec-9b61-494d-afc9-7a7dbee19db5,TEST_ONLY_FIRST_DELIVERY_5_SERVICES,,"{""action"": ""review"", ""action_result"": ""reviewed"", ""transition_id"": ""be603578-d9c1-413e-91c0-7a1208cbc9cb""}",t,2026-07-27 07:52:16.67689+00
f0c4f3e1-e111-4210-9bdc-5de8586677fc,30482047-e7e4-4e5a-accd-5a9a097d9e14,197a38c9-6633-4ae8-aa51-873ee46c4be5,step_entered,f0d8a6b1-7845-46bd-8a12-d78ed6af2bfd,,,,,"{""from_step_id"": ""7ad308bf-f1fb-4808-8d47-e065df738626"", ""action_result"": ""payment_confirmed"", ""transition_id"": ""e45a8f5d-8c87-440e-b077-cfcc02b92cb3""}",f,2026-07-27 10:59:49.090611+00
f7dd4a9e-010a-45f6-a1c0-f6592d9bdacb,f2a8e4bb-b305-4dc9-8ec7-570a2c35c993,8387d216-5089-44a2-b072-8c624a571c2d,applied,15b0f3cd-29d8-4eb1-ad15-bb9026986dbc,a8ebca48-9334-4428-95fe-0830cb45c484,0e6784cb-0636-4ecb-9e46-f422be41e1ad,TEST_ONLY_FIRST_DELIVERY_FIVE_SERVICES_REAL_GO_LIVE,,"{""action"": ""apply_decision"", ""action_result"": ""applied"", ""transition_id"": ""02c17d25-ec0a-402e-aa60-c261d8c462bf""}",t,2026-07-27 10:57:48.743794+00
f8e66083-f45c-42e4-bb77-ab830c374de7,70ea684d-fe11-4505-8d94-73f035770b39,bb912160-7a0b-4c29-981c-35731db0a58f,reviewed,24406961-d8b2-4db7-8896-0ef82039d75f,44d05dea-1a26-4451-a384-d3f01dd88ed9,32ee5cec-9b61-494d-afc9-7a7dbee19db5,TEST_ONLY_FIRST_DELIVERY_FIVE_SERVICES_REAL_GO_LIVE,,"{""action"": ""review"", ""action_result"": ""reviewed"", ""transition_id"": ""9d710b2d-4955-43a1-8251-e933930614d6""}",t,2026-07-27 10:57:34.017222+00
f9ab7fb1-0191-4c53-91d3-330fa5ed89d6,24b7ba1f-04c9-44c1-a188-52f74ef908bb,2eb1055d-0d3c-44e6-adee-565f64007722,payment_confirmed,f0d8a6b1-7845-46bd-8a12-d78ed6af2bfd,ff580c59-076b-40ff-9d64-0502d1c1125d,af495507-2cf9-4578-9b39-5a25ca1a6f0a,TEST_ONLY_FIRST_DELIVERY_FIVE_SERVICES_REAL_GO_LIVE,,"{""action"": ""confirm_payment"", ""action_result"": ""payment_confirmed""}",t,2026-07-27 10:59:01.331061+00
f9c61f42-2157-4a09-9639-d051ee539d5e,47e6eefe-7ff4-48a0-9c50-bf10af63a99a,f12f0eca-55e8-415e-a19d-08860259765f,approved,0b2a2543-a77a-4b86-ad7f-8b35f9db6502,44d05dea-1a26-4451-a384-d3f01dd88ed9,92a20288-a166-4ea3-893e-d8a4300c2828,TEST_ONLY_FIRST_DELIVERY_FIVE_SERVICES_REAL_GO_LIVE,,"{""action"": ""approve"", ""action_result"": ""approved"", ""transition_id"": ""8c372d85-68ce-4e7c-8c5a-fdb7e1e2ad77""}",t,2026-07-27 10:56:13.479652+00
fa939cec-06c5-4469-9e36-1ed9a155f15c,47e6eefe-7ff4-48a0-9c50-bf10af63a99a,0f15f0cf-6730-4062-943d-c95414311bb0,approved,fb59542d-d410-4fa4-88d3-1e3e2fabe014,bd3616b0-2322-4087-b9b8-b1f0ec244914,c7347947-789b-405a-b6e5-d58c97104438,TEST_ONLY_FIRST_DELIVERY_FIVE_SERVICES_REAL_GO_LIVE,,"{""action"": ""approve"", ""action_result"": ""approved"", ""transition_id"": ""8eec4e4c-6219-47c8-99a5-e016c7660fd7""}",t,2026-07-27 10:56:14.8177+00
fb032b76-f8a5-404d-b94c-b199f3110dbc,de9e6c7f-eaec-4d32-9e8c-7ce168d542c5,1a0373b0-0aab-487d-8f81-5bda05708755,reviewed,24406961-d8b2-4db7-8896-0ef82039d75f,44d05dea-1a26-4451-a384-d3f01dd88ed9,32ee5cec-9b61-494d-afc9-7a7dbee19db5,TEST_ONLY_FIRST_DELIVERY_FIVE_SERVICES_REAL_GO_LIVE,,"{""action"": ""review"", ""action_result"": ""reviewed"", ""transition_id"": ""be603578-d9c1-413e-91c0-7a1208cbc9cb""}",t,2026-07-27 10:59:29.821489+00
fcd4832a-3ff8-4bb7-8f3c-06d4502db4f4,c3acb770-2a89-441a-93cd-d0ff882a3e4b,,submitted,2e3ca4d6-603c-4f06-a23e-462bf92fcfd3,,,,,"{""canonical_code"": ""enrollment_suspension""}",t,2026-07-27 10:59:51.045561+00
fefba2ae-f32d-4d43-9802-d31074a0f2a3,24b7ba1f-04c9-44c1-a188-52f74ef908bb,8b8bfab4-5477-4f9e-8d7b-3699e8d6c6d2,approved,0b2a2543-a77a-4b86-ad7f-8b35f9db6502,44d05dea-1a26-4451-a384-d3f01dd88ed9,92a20288-a166-4ea3-893e-d8a4300c2828,TEST_ONLY_FIRST_DELIVERY_FIVE_SERVICES_REAL_GO_LIVE,,"{""action"": ""approve"", ""action_result"": ""approved"", ""transition_id"": ""8c372d85-68ce-4e7c-8c5a-fdb7e1e2ad77""}",t,2026-07-27 10:58:58.724428+00
