student_profile_id,operation,idempotency_key,request_id,payload_hash,created_at
7020e51d-19e3-4acb-9597-5145b65d117e,create_draft,TEST_ONLY_FIRST_DELIVERY_5_SERVICES_enrollment_suspension_1785136859670,27e5d06b-c1c6-45d6-b96d-cbf89e18e697,89eee5da3d838dd2407a6682c9fc61a3,2026-07-27 07:21:00.477323+00
7020e51d-19e3-4acb-9597-5145b65d117e,create_draft,TEST_ONLY_probe_1785136864172,27e5d06b-c1c6-45d6-b96d-cbf89e18e697,89eee5da3d838dd2407a6682c9fc61a3,2026-07-27 07:21:04.53341+00
7020e51d-19e3-4acb-9597-5145b65d117e,create_draft,TEST_ONLY_FIRST_DELIVERY_5_SERVICES_enrollment_suspension_1785136875140,27e5d06b-c1c6-45d6-b96d-cbf89e18e697,89eee5da3d838dd2407a6682c9fc61a3,2026-07-27 07:21:15.597696+00
7020e51d-19e3-4acb-9597-5145b65d117e,save_draft,TEST_ONLY_FIRST_DELIVERY_5_SERVICES_enrollment_suspension_1785136875140_save,27e5d06b-c1c6-45d6-b96d-cbf89e18e697,08a35ad21fbd0ae2f6a99ddf871cded9,2026-07-27 07:21:15.74622+00
7020e51d-19e3-4acb-9597-5145b65d117e,create_draft,TEST_ONLY_FIRST_DELIVERY_5_SERVICES_excused_absence_1785137323987,b093dc3d-9fc8-4b16-a0e6-0b767f597d71,e451b487908ebce8d61322446c3df115,2026-07-27 07:28:44.236091+00
7020e51d-19e3-4acb-9597-5145b65d117e,create_draft,TEST_ONLY_FIRST_DELIVERY_5_SERVICES_enrollment_suspension_1785138479726,e8f72662-5dd6-45d2-9bab-555c39f7a136,89eee5da3d838dd2407a6682c9fc61a3,2026-07-27 07:48:00.416243+00
7020e51d-19e3-4acb-9597-5145b65d117e,save_draft,TEST_ONLY_FIRST_DELIVERY_5_SERVICES_enrollment_suspension_1785138479726_save,e8f72662-5dd6-45d2-9bab-555c39f7a136,b355ed7bc01114c9cd299e7a87f3d8bc,2026-07-27 07:48:00.570053+00
7020e51d-19e3-4acb-9597-5145b65d117e,save_draft,TEST_ONLY_FIRST_DELIVERY_5_SERVICES_excused_absence_1785138500265_save,b093dc3d-9fc8-4b16-a0e6-0b767f597d71,51276c24a45ce70a0a23cbbe0523feab,2026-07-27 07:48:21.06957+00
7020e51d-19e3-4acb-9597-5145b65d117e,create_draft,TEST_ONLY_FIRST_DELIVERY_5_SERVICES_department_transfer_1785138516734,4953f79c-fcf1-4119-8ef3-a0c6c240534f,0083e96cfed3853cb83fc29c1d654a91,2026-07-27 07:48:36.982905+00
7020e51d-19e3-4acb-9597-5145b65d117e,save_draft,TEST_ONLY_FIRST_DELIVERY_5_SERVICES_department_transfer_1785138516734_save,4953f79c-fcf1-4119-8ef3-a0c6c240534f,b703274166c47af7053e01524f86d313,2026-07-27 07:48:37.618231+00
7020e51d-19e3-4acb-9597-5145b65d117e,create_draft,TEST_ONLY_FIRST_DELIVERY_5_SERVICES_final_chance_1785138570764,6c4ca023-11d4-41e9-91ce-55d353795909,655a12c1ed8f2b7ecee2bc69311e5546,2026-07-27 07:49:31.040555+00
7020e51d-19e3-4acb-9597-5145b65d117e,save_draft,TEST_ONLY_FIRST_DELIVERY_5_SERVICES_final_chance_1785138570764_save,6c4ca023-11d4-41e9-91ce-55d353795909,ffa34ae8d38e7330190a1e47a6695c6c,2026-07-27 07:49:31.10002+00
7020e51d-19e3-4acb-9597-5145b65d117e,create_draft,TEST_ONLY_FIRST_DELIVERY_5_SERVICES_file_withdrawal_1785138608487,85d7068a-8443-4a96-b3bb-b7c658616820,b03956ddbeb11622886a6cff4d2cd88a,2026-07-27 07:50:08.775538+00
7020e51d-19e3-4acb-9597-5145b65d117e,save_draft,TEST_ONLY_FIRST_DELIVERY_5_SERVICES_file_withdrawal_1785138608487_save,85d7068a-8443-4a96-b3bb-b7c658616820,a28c66875e50cd3a03fcac3d63ae1020,2026-07-27 07:50:08.981694+00
7020e51d-19e3-4acb-9597-5145b65d117e,create_draft,TEST_ONLY_FIRST_DELIVERY_5_SERVICES_enrollment_suspension_1785138709124,0277c36b-462f-410c-830b-6960a01dd163,89eee5da3d838dd2407a6682c9fc61a3,2026-07-27 07:51:49.936694+00
7020e51d-19e3-4acb-9597-5145b65d117e,save_draft,TEST_ONLY_FIRST_DELIVERY_5_SERVICES_enrollment_suspension_1785138709124_save,0277c36b-462f-410c-830b-6960a01dd163,a922abf1cfb5a54bfd8bfca2a8d69aee,2026-07-27 07:51:50.105072+00
7020e51d-19e3-4acb-9597-5145b65d117e,create_draft,TEST_ONLY_FIRST_DELIVERY_5_SERVICES_excused_absence_1785138730545,e3cc0366-b6fc-4d64-8c01-541030f83b00,e451b487908ebce8d61322446c3df115,2026-07-27 07:52:10.79708+00
7020e51d-19e3-4acb-9597-5145b65d117e,save_draft,TEST_ONLY_FIRST_DELIVERY_5_SERVICES_excused_absence_1785138730545_save,e3cc0366-b6fc-4d64-8c01-541030f83b00,09489b433ee7901441b5d4529d321f85,2026-07-27 07:52:11.848951+00
7020e51d-19e3-4acb-9597-5145b65d117e,create_draft,TEST_ONLY_FIRST_DELIVERY_5_SERVICES_file_withdrawal_1785138791354,4cf1fda2-0218-4403-a676-a6697b08aa34,b03956ddbeb11622886a6cff4d2cd88a,2026-07-27 07:53:11.600795+00
7020e51d-19e3-4acb-9597-5145b65d117e,save_draft,TEST_ONLY_FIRST_DELIVERY_5_SERVICES_file_withdrawal_1785138791354_save,4cf1fda2-0218-4403-a676-a6697b08aa34,a5c577a07008de095a39b536c8d39de5,2026-07-27 07:53:11.708715+00
7020e51d-19e3-4acb-9597-5145b65d117e,create_draft,G7-ES-1785149496851,c876eb00-4677-4b7b-ba8f-d8a15392f0df,89eee5da3d838dd2407a6682c9fc61a3,2026-07-27 10:51:36.899033+00
7020e51d-19e3-4acb-9597-5145b65d117e,create_draft,TEST_ONLY_FIRST_DELIVERY_FIVE_SERVICES_REAL_GO_LIVE-enrollment_suspension-1785149534940,c876eb00-4677-4b7b-ba8f-d8a15392f0df,89eee5da3d838dd2407a6682c9fc61a3,2026-07-27 10:52:15.340567+00
7020e51d-19e3-4acb-9597-5145b65d117e,create_draft,TEST_ONLY_FIRST_DELIVERY_FIVE_SERVICES_REAL_GO_LIVE-excused_absence-1785149537642,2b9107e5-548f-4154-8c63-a7c453ff22c8,e451b487908ebce8d61322446c3df115,2026-07-27 10:52:17.668343+00
7020e51d-19e3-4acb-9597-5145b65d117e,create_draft,TEST_ONLY_FIRST_DELIVERY_FIVE_SERVICES_REAL_GO_LIVE-department_transfer-1785149537874,24f1c63a-f14e-4595-882b-b6ba4bf52dd4,0083e96cfed3853cb83fc29c1d654a91,2026-07-27 10:52:17.898108+00
7020e51d-19e3-4acb-9597-5145b65d117e,create_draft,TEST_ONLY_FIRST_DELIVERY_FIVE_SERVICES_REAL_GO_LIVE-final_chance-1785149538127,bf38217e-9edb-4527-bde2-dc30e56a9f47,655a12c1ed8f2b7ecee2bc69311e5546,2026-07-27 10:52:18.156334+00
7020e51d-19e3-4acb-9597-5145b65d117e,create_draft,TEST_ONLY_FIRST_DELIVERY_FIVE_SERVICES_REAL_GO_LIVE-file_withdrawal-1785149539714,ade49963-0a68-4c87-a24b-5e067c1be7fd,b03956ddbeb11622886a6cff4d2cd88a,2026-07-27 10:52:19.741194+00
7020e51d-19e3-4acb-9597-5145b65d117e,create_draft,TEST_ONLY_FIRST_DELIVERY_FIVE_SERVICES_REAL_GO_LIVE-excused_absence-1785149593249,2b9107e5-548f-4154-8c63-a7c453ff22c8,e451b487908ebce8d61322446c3df115,2026-07-27 10:53:13.294281+00
7020e51d-19e3-4acb-9597-5145b65d117e,create_draft,TEST_ONLY_FIRST_DELIVERY_FIVE_SERVICES_REAL_GO_LIVE-department_transfer-1785149593591,24f1c63a-f14e-4595-882b-b6ba4bf52dd4,0083e96cfed3853cb83fc29c1d654a91,2026-07-27 10:53:13.796717+00
7020e51d-19e3-4acb-9597-5145b65d117e,create_draft,TEST_ONLY_FIRST_DELIVERY_FIVE_SERVICES_REAL_GO_LIVE-final_chance-1785149594028,fda9e39c-ab82-44e2-aef6-0b422d401e0e,655a12c1ed8f2b7ecee2bc69311e5546,2026-07-27 10:53:14.121642+00
7020e51d-19e3-4acb-9597-5145b65d117e,create_draft,TEST_ONLY_FIRST_DELIVERY_FIVE_SERVICES_REAL_GO_LIVE-file_withdrawal-1785149595918,ade49963-0a68-4c87-a24b-5e067c1be7fd,b03956ddbeb11622886a6cff4d2cd88a,2026-07-27 10:53:15.955641+00
7020e51d-19e3-4acb-9597-5145b65d117e,create_draft,TEST_ONLY_FIRST_DELIVERY_FIVE_SERVICES_REAL_GO_LIVE-excused_absence-1785149635180,2b9107e5-548f-4154-8c63-a7c453ff22c8,e451b487908ebce8d61322446c3df115,2026-07-27 10:53:55.236515+00
7020e51d-19e3-4acb-9597-5145b65d117e,create_draft,TEST_ONLY_FIRST_DELIVERY_FIVE_SERVICES_REAL_GO_LIVE-department_transfer-1785149635888,24f1c63a-f14e-4595-882b-b6ba4bf52dd4,0083e96cfed3853cb83fc29c1d654a91,2026-07-27 10:53:55.966303+00
7020e51d-19e3-4acb-9597-5145b65d117e,create_draft,TEST_ONLY_FIRST_DELIVERY_FIVE_SERVICES_REAL_GO_LIVE-final_chance-1785149636373,d3f5be81-0760-459b-8d30-a3377ab33aa1,655a12c1ed8f2b7ecee2bc69311e5546,2026-07-27 10:53:56.407355+00
7020e51d-19e3-4acb-9597-5145b65d117e,create_draft,TEST_ONLY_FIRST_DELIVERY_FIVE_SERVICES_REAL_GO_LIVE-file_withdrawal-1785149643990,0f7f11f3-1cdd-492e-a971-5d4479c7e155,b03956ddbeb11622886a6cff4d2cd88a,2026-07-27 10:54:04.022098+00
7020e51d-19e3-4acb-9597-5145b65d117e,create_draft,TEST_ONLY_FIRST_DELIVERY_FIVE_SERVICES_REAL_GO_LIVE-excused_absence-1785149768523,2b9107e5-548f-4154-8c63-a7c453ff22c8,e451b487908ebce8d61322446c3df115,2026-07-27 10:56:08.551557+00
7020e51d-19e3-4acb-9597-5145b65d117e,create_draft,TEST_ONLY_FIRST_DELIVERY_FIVE_SERVICES_REAL_GO_LIVE-department_transfer-1785149769333,24f1c63a-f14e-4595-882b-b6ba4bf52dd4,0083e96cfed3853cb83fc29c1d654a91,2026-07-27 10:56:09.397395+00
7020e51d-19e3-4acb-9597-5145b65d117e,create_draft,TEST_ONLY_FIRST_DELIVERY_FIVE_SERVICES_REAL_GO_LIVE-final_chance-1785149769749,47e6eefe-7ff4-48a0-9c50-bf10af63a99a,655a12c1ed8f2b7ecee2bc69311e5546,2026-07-27 10:56:09.777121+00
7020e51d-19e3-4acb-9597-5145b65d117e,create_draft,TEST_ONLY_FIRST_DELIVERY_FIVE_SERVICES_REAL_GO_LIVE-file_withdrawal-1785149777831,7df02398-bf56-4c75-b63b-f5ec20e39360,b03956ddbeb11622886a6cff4d2cd88a,2026-07-27 10:56:17.858552+00
7020e51d-19e3-4acb-9597-5145b65d117e,create_draft,DBG2-1785149799599,2b9107e5-548f-4154-8c63-a7c453ff22c8,e451b487908ebce8d61322446c3df115,2026-07-27 10:56:39.631252+00
7020e51d-19e3-4acb-9597-5145b65d117e,create_draft,TEST_ONLY_FIRST_DELIVERY_FIVE_SERVICES_REAL_GO_LIVE-excused_absence-1785149851078,2b9107e5-548f-4154-8c63-a7c453ff22c8,e451b487908ebce8d61322446c3df115,2026-07-27 10:57:31.138264+00
7020e51d-19e3-4acb-9597-5145b65d117e,create_draft,TEST_ONLY_FIRST_DELIVERY_FIVE_SERVICES_REAL_GO_LIVE-department_transfer-1785149851495,24f1c63a-f14e-4595-882b-b6ba4bf52dd4,0083e96cfed3853cb83fc29c1d654a91,2026-07-27 10:57:31.56623+00
7020e51d-19e3-4acb-9597-5145b65d117e,create_draft,TEST_ONLY_FIRST_DELIVERY_FIVE_SERVICES_REAL_GO_LIVE-final_chance-1785149852154,70ea684d-fe11-4505-8d94-73f035770b39,655a12c1ed8f2b7ecee2bc69311e5546,2026-07-27 10:57:32.184334+00
7020e51d-19e3-4acb-9597-5145b65d117e,create_draft,TEST_ONLY_FIRST_DELIVERY_FIVE_SERVICES_REAL_GO_LIVE-file_withdrawal-1785149860011,f2a8e4bb-b305-4dc9-8ec7-570a2c35c993,b03956ddbeb11622886a6cff4d2cd88a,2026-07-27 10:57:40.050531+00
7020e51d-19e3-4acb-9597-5145b65d117e,create_draft,TEST_ONLY_FIRST_DELIVERY_FIVE_SERVICES_REAL_GO_LIVE-enrollment_suspension-1785149930414,9e97eeac-640b-4778-ba72-3463c1c438d3,89eee5da3d838dd2407a6682c9fc61a3,2026-07-27 10:58:50.459168+00
7020e51d-19e3-4acb-9597-5145b65d117e,create_draft,TEST_ONLY_FIRST_DELIVERY_FIVE_SERVICES_REAL_GO_LIVE-excused_absence-1785149934937,acdbcc84-c54b-413a-bea0-ec9b88eeda44,e451b487908ebce8d61322446c3df115,2026-07-27 10:58:54.964818+00
7020e51d-19e3-4acb-9597-5145b65d117e,create_draft,TEST_ONLY_FIRST_DELIVERY_FIVE_SERVICES_REAL_GO_LIVE-department_transfer-1785149935660,09dabe40-1eb5-432e-b42d-0d05bfe2518e,0083e96cfed3853cb83fc29c1d654a91,2026-07-27 10:58:55.6907+00
7020e51d-19e3-4acb-9597-5145b65d117e,create_draft,TEST_ONLY_FIRST_DELIVERY_FIVE_SERVICES_REAL_GO_LIVE-final_chance-1785149936061,24b7ba1f-04c9-44c1-a188-52f74ef908bb,655a12c1ed8f2b7ecee2bc69311e5546,2026-07-27 10:58:56.086094+00
7020e51d-19e3-4acb-9597-5145b65d117e,create_draft,TEST_ONLY_FIRST_DELIVERY_FIVE_SERVICES_REAL_GO_LIVE-file_withdrawal-1785149942678,54b96b02-872d-4c8e-b326-98e3e4986afa,b03956ddbeb11622886a6cff4d2cd88a,2026-07-27 10:59:02.705791+00
7020e51d-19e3-4acb-9597-5145b65d117e,create_draft,TEST_ONLY_FIRST_DELIVERY_FIVE_SERVICES_REAL_GO_LIVE-excused_absence-1785149966967,de9e6c7f-eaec-4d32-9e8c-7ce168d542c5,e451b487908ebce8d61322446c3df115,2026-07-27 10:59:27.003681+00
7020e51d-19e3-4acb-9597-5145b65d117e,create_draft,TEST_ONLY_FIRST_DELIVERY_FIVE_SERVICES_REAL_GO_LIVE-department_transfer-1785149973079,421429ec-f165-4e07-bc3b-278268ec4f33,0083e96cfed3853cb83fc29c1d654a91,2026-07-27 10:59:33.107427+00
7020e51d-19e3-4acb-9597-5145b65d117e,create_draft,TEST_ONLY_FIRST_DELIVERY_FIVE_SERVICES_REAL_GO_LIVE-final_chance-1785149983011,30482047-e7e4-4e5a-accd-5a9a097d9e14,655a12c1ed8f2b7ecee2bc69311e5546,2026-07-27 10:59:43.039028+00
7020e51d-19e3-4acb-9597-5145b65d117e,create_draft,TEST_ONLY_FIRST_DELIVERY_FIVE_SERVICES_REAL_GO_LIVE-enrollment_suspension-1785149990793,c3acb770-2a89-441a-93cd-d0ff882a3e4b,89eee5da3d838dd2407a6682c9fc61a3,2026-07-27 10:59:50.826273+00
7020e51d-19e3-4acb-9597-5145b65d117e,create_draft,TEST_ONLY_FIRST_DELIVERY_FIVE_SERVICES_REAL_GO_LIVE-file_withdrawal-1785149996131,53710937-4a69-4fc6-96b1-c2727c551c6e,b03956ddbeb11622886a6cff4d2cd88a,2026-07-27 10:59:56.168331+00
