id,request_id,academic_year_id,semester_id,reason,chance_type,notes,created_at,updated_at,chance_applied_at
17dd5403-a84f-4864-9c89-785aea2259e0,6c4ca023-11d4-41e9-91ce-55d353795909,6b297abe-b4d5-47f0-a24e-ea25c7c691f6,d4dc2d92-00ce-4ea0-a7ed-da06d546512f,اختبار تسليم أول - فرصة أخيرة TEST_ONLY,final_chance,,2026-07-27 07:49:31.10002+00,2026-07-27 07:49:31.16012+00,
47dd341c-7a5d-47d8-81ed-6cdc91f37463,37093986-4030-499f-9377-9301f3403a2f,a2a2a2a2-2222-4222-8222-222222222222,2e583958-eaa1-440b-a8a0-8403dafd76c6,سبب اختباري TEST_ONLY لأغراض التحقق من الحفظ.,final_chance,,2026-07-27 16:41:12.174397+00,2026-07-27 16:41:12.174397+00,
60912aa2-8297-4d35-87c9-ef582f24ac07,47e6eefe-7ff4-48a0-9c50-bf10af63a99a,6b297abe-b4d5-47f0-a24e-ea25c7c691f6,d4dc2d92-00ce-4ea0-a7ed-da06d546512f,TEST_ONLY فرصة أخيرة,final_chance,,2026-07-27 10:56:09.850833+00,2026-07-27 10:56:17.593801+00,2026-07-27 10:56:17.593801+00
6a1f418a-227c-4092-99a8-a0862ab9daf3,d3f5be81-0760-459b-8d30-a3377ab33aa1,1b9e6972-0870-41d6-b849-bdcbc7b6c0d6,dc917e4d-607d-43ce-9d78-020de14eccf0,TEST_ONLY فرصة أخيرة,final_chance,,2026-07-27 10:53:56.472798+00,2026-07-27 10:53:56.606632+00,
8299fd11-b9b4-4a0e-b174-33413c124ee7,24b7ba1f-04c9-44c1-a188-52f74ef908bb,6b297abe-b4d5-47f0-a24e-ea25c7c691f6,d4dc2d92-00ce-4ea0-a7ed-da06d546512f,TEST_ONLY فرصة أخيرة,final_chance,,2026-07-27 10:58:56.146724+00,2026-07-27 10:58:56.255815+00,
8da9a387-87b0-422d-bf20-b4600d1a3664,70ea684d-fe11-4505-8d94-73f035770b39,6b297abe-b4d5-47f0-a24e-ea25c7c691f6,d4dc2d92-00ce-4ea0-a7ed-da06d546512f,TEST_ONLY فرصة أخيرة,final_chance,,2026-07-27 10:57:32.252951+00,2026-07-27 10:57:39.7606+00,2026-07-27 10:57:39.7606+00
9a20d0d6-4678-4cef-9db9-212378461f49,30482047-e7e4-4e5a-accd-5a9a097d9e14,6b297abe-b4d5-47f0-a24e-ea25c7c691f6,d4dc2d92-00ce-4ea0-a7ed-da06d546512f,TEST_ONLY فرصة أخيرة,final_chance,,2026-07-27 10:59:43.101344+00,2026-07-27 10:59:50.521601+00,2026-07-27 10:59:50.521601+00
c16d5301-f048-4524-996f-cd25ba64a591,fda9e39c-ab82-44e2-aef6-0b422d401e0e,1b9e6972-0870-41d6-b849-bdcbc7b6c0d6,dc917e4d-607d-43ce-9d78-020de14eccf0,TEST_ONLY فرصة أخيرة,final_chance,,2026-07-27 10:53:14.196665+00,2026-07-27 10:53:14.308204+00,
d5071059-3d1d-47a6-a551-da111f69a0b2,bf38217e-9edb-4527-bde2-dc30e56a9f47,1b9e6972-0870-41d6-b849-bdcbc7b6c0d6,dc917e4d-607d-43ce-9d78-020de14eccf0,TEST_ONLY فرصة أخيرة,final_chance,,2026-07-27 10:52:18.206965+00,2026-07-27 10:52:18.314494+00,
