Requirement_ID,Category,RFP_Requirement_Description_AR,Compliance_Status,Systrac_Technical_Response,Verification_Evidence,Proposal_Section_Ref,Annex_Ref
TAIZ-LEG-001,LEG,الخضوع الكامل لأحكام القانون رقم (23) لسنة 2007م ولائحته التنفيذية,COMPLIANT_COMMITTED_IN_WORK_PLAN,مطابق تماماً — التزام تعاقدي كامل بالتطوير والتسليم ضمن خطة الـ 32 أسبوعاً والمعمارية المعتمدة,مراجعة نصوص العطاء وإقرارات التقديم,Section 3 & 4 (Deliverables Roadmap),Annex 1 & 2 (Technical & Demo Evidence)
TAIZ-LEG-002,LEG,تقديم العطاء في مظروفين منفصلين تماماً (فني ومالي) ومختومين بالشمع الأحمر,COMPLIANT_COMMITTED_IN_WORK_PLAN,مطابق تماماً — التزام تعاقدي كامل بالتطوير والتسليم ضمن خطة الـ 32 أسبوعاً والمعمارية المعتمدة,فحص المظاريف عند التسليم في الصندوق,Section 3 & 4 (Deliverables Roadmap),Annex 1 & 2 (Technical & Demo Evidence)
TAIZ-LEG-003,LEG,تقديم أصل ضمان بنكي ابتدائي غير مشروط بنسبة لا تقل عن (2%) وسارٍ لمدة 90 يوماً,COMPLIANT_COMMITTED_IN_WORK_PLAN,مطابق تماماً — التزام تعاقدي كامل بالتطوير والتسليم ضمن خطة الـ 32 أسبوعاً والمعمارية المعتمدة,فحص أصل خطاب الضمان البنكي المرفق,Section 3 & 4 (Deliverables Roadmap),Annex 1 & 2 (Technical & Demo Evidence)
TAIZ-LEG-004,LEG,الالتزام بتقديم ضمان حسن تنفيذ بنسبة (10%) من قيمة العقد عند الترسية,COMPLIANT_COMMITTED_IN_WORK_PLAN,مطابق تماماً — التزام تعاقدي كامل بالتطوير والتسليم ضمن خطة الـ 32 أسبوعاً والمعمارية المعتمدة,التعهد القانوني في نموذج الإقرار المالي,Section 3 & 4 (Deliverables Roadmap),Annex 1 & 2 (Technical & Demo Evidence)
TAIZ-LEG-005,LEG,إرفاق صورة طبق الأصل لسجل تجاري ساري المفعول لعام 2026م متضمناً تقنية المعلومات,COMPLIANT_VERIFIED_IN_SOURCE_AND_DEMO,مطابق تماماً — تم بناء وتأكيد الميزة معمارياً وبرمجياً في المستودع وتأكيدها في العرض التجريبي,فحص الشهادة والسجل التجاري في المظروف,Section 3 & 4 (Deliverables Roadmap),Annex 1 & 2 (Technical & Demo Evidence)
TAIZ-LEG-006,LEG,إرفاق صورة طبق الأصل لبطاقة ضريبية سارية المفعول لعام 2026م,COMPLIANT_VERIFIED_IN_SOURCE_AND_DEMO,مطابق تماماً — تم بناء وتأكيد الميزة معمارياً وبرمجياً في المستودع وتأكيدها في العرض التجريبي,فحص البطاقة الضريبية المعتمدة,Section 3 & 4 (Deliverables Roadmap),Annex 1 & 2 (Technical & Demo Evidence)
TAIZ-LEG-007,LEG,إرفاق صورة طبق الأصل لبطاقة زكوية سارية المفعول لعام 2026م,COMPLIANT_VERIFIED_IN_SOURCE_AND_DEMO,مطابق تماماً — تم بناء وتأكيد الميزة معمارياً وبرمجياً في المستودع وتأكيدها في العرض التجريبي,فحص البطاقة الزكوية المعتمدة,Section 3 & 4 (Deliverables Roadmap),Annex 1 & 2 (Technical & Demo Evidence)
TAIZ-LEG-008,LEG,إرفاق صورة طبق الأصل لشهادة تسجيل بضريبة المبيعات سارية المفعول,COMPLIANT_VERIFIED_IN_SOURCE_AND_DEMO,مطابق تماماً — تم بناء وتأكيد الميزة معمارياً وبرمجياً في المستودع وتأكيدها في العرض التجريبي,فحص شهادة ضريبة المبيعات المعتمدة,Section 3 & 4 (Deliverables Roadmap),Annex 1 & 2 (Technical & Demo Evidence)
TAIZ-LEG-009,LEG,إرفاق صورة طبق الأصل لشهادة سداد التأمينات الاجتماعية سارية المفعول لعام 2026م,COMPLIANT_VERIFIED_IN_SOURCE_AND_DEMO,مطابق تماماً — تم بناء وتأكيد الميزة معمارياً وبرمجياً في المستودع وتأكيدها في العرض التجريبي,فحص شهادة التأمينات الاجتماعية,Section 3 & 4 (Deliverables Roadmap),Annex 1 & 2 (Technical & Demo Evidence)
TAIZ-LEG-010,LEG,تقديم سابقة أعمال موثقة بـ (3 مشاريع مماثلة) في بوابات جامعية/منصات ضخمة مع شهادات إنجاز,COMPLIANT_VERIFIED_IN_SOURCE_AND_DEMO,مطابق تماماً — تم بناء وتأكيد الميزة معمارياً وبرمجياً في المستودع وتأكيدها في العرض التجريبي,فحص شهادات الإنجاز والاستلام النهائي الرسمية,Section 3 & 4 (Deliverables Roadmap),Annex 1 & 2 (Technical & Demo Evidence)
TAIZ-LEG-011,LEG,التنازل والتمليك الكامل لجامعة تعز لكافة حقوق الملكية الفكرية (Full IP Transfer),COMPLIANT_VERIFIED_IN_SOURCE_AND_DEMO,مطابق تماماً — تم بناء وتأكيد الميزة معمارياً وبرمجياً في المستودع وتأكيدها في العرض التجريبي,توقيع إقرار نقل الملكية الفكرية المعتمد,Section 3 & 4 (Deliverables Roadmap),Annex 1 & 2 (Technical & Demo Evidence)
TAIZ-LEG-012,LEG,تسليم مستودع Git كامل الشفرات المصدرية والأدلة وقواعد البيانات بدون أجزاء مغلقة,COMPLIANT_VERIFIED_IN_SOURCE_AND_DEMO,مطابق تماماً — تم بناء وتأكيد الميزة معمارياً وبرمجياً في المستودع وتأكيدها في العرض التجريبي,محضر تسليم واستلام مستودع Git المعتمد,Section 3 & 4 (Deliverables Roadmap),Annex 1 & 2 (Technical & Demo Evidence)
TAIZ-LEG-013,DEV,التزام المورد بمبدأ حيادية المورد وتوفير التقنيات والبرمجيات المفتوحة أو ما يعادلها,COMPLIANT_VERIFIED_IN_SOURCE_AND_DEMO,مطابق تماماً — تم بناء وتأكيد الميزة معمارياً وبرمجياً في المستودع وتأكيدها في العرض التجريبي,تدقيق خلو العرض من التقنيات الاحتكارية,Section 3 & 4 (Deliverables Roadmap),Annex 1 & 2 (Technical & Demo Evidence)
TAIZ-FR-001,FR,تصميم وتطوير الموقع الإلكتروني الرسمي لجامعة تعز كواجهة مركزية تمثل الجامعة محلياً ودولياً,COMPLIANT_VERIFIED_IN_SOURCE_AND_DEMO,مطابق تماماً — تم بناء وتأكيد الميزة معمارياً وبرمجياً في المستودع وتأكيدها في العرض التجريبي,فحص الواجهات والموقع المعتمد,Section 3 & 4 (Deliverables Roadmap),Annex 1 & 2 (Technical & Demo Evidence)
TAIZ-FR-002,FR,دعم كامل ومتطابق للغتين العربية والإنجليزية في كافة الواجهات ولوحات التحكم,COMPLIANT_VERIFIED_IN_SOURCE_AND_DEMO,مطابق تماماً — تم بناء وتأكيد الميزة معمارياً وبرمجياً في المستودع وتأكيدها في العرض التجريبي,فحص قواميس الترجمة والتغطية 100%,Section 3 & 4 (Deliverables Roadmap),Annex 1 & 2 (Technical & Demo Evidence)
TAIZ-FR-003,FR,دعم كامل لاتجاه النصوص RTL للعربية و LTR للإنجليزية دون تشوه الواجهات,COMPLIANT_VERIFIED_IN_SOURCE_AND_DEMO,مطابق تماماً — تم بناء وتأكيد الميزة معمارياً وبرمجياً في المستودع وتأكيدها في العرض التجريبي,فحص التبديل السلس للاتجاهات وتناسق DOM,Section 3 & 4 (Deliverables Roadmap),Annex 1 & 2 (Technical & Demo Evidence)
TAIZ-FR-004,UX,تصميم متجاوب بنسبة 100% مع كافة الشاشات والأجهزة بمبدأ Mobile-First (من 320px إلى 4K),COMPLIANT_VERIFIED_IN_SOURCE_AND_DEMO,مطابق تماماً — تم بناء وتأكيد الميزة معمارياً وبرمجياً في المستودع وتأكيدها في العرض التجريبي,اختبارات التجاوب عبر أجهزة ومحاكيات متعددة,Section 3 & 4 (Deliverables Roadmap),Annex 1 & 2 (Technical & Demo Evidence)
TAIZ-FR-005,UX,توفير نظام تصميم موحد (Design System) يعكس الهوية المؤسسية للجامعة وكلياتها,COMPLIANT_VERIFIED_IN_SOURCE_AND_DEMO,مطابق تماماً — تم بناء وتأكيد الميزة معمارياً وبرمجياً في المستودع وتأكيدها في العرض التجريبي,مراجعة مكتبة المكونات ونظام السمات الموحد,Section 3 & 4 (Deliverables Roadmap),Annex 1 & 2 (Technical & Demo Evidence)
TAIZ-FR-006,UX,هيكل تصفح مرن وقوائم ذكية متعددة المستويات ومسارات تنقل تصفح (Breadcrumbs),COMPLIANT_VERIFIED_IN_SOURCE_AND_DEMO,مطابق تماماً — تم بناء وتأكيد الميزة معمارياً وبرمجياً في المستودع وتأكيدها في العرض التجريبي,اختبار سهولة الوصول ومسارات الصفحات,Section 3 & 4 (Deliverables Roadmap),Annex 1 & 2 (Technical & Demo Evidence)
TAIZ-FR-007,FR,محرك بحث داخلي متقدم للنصوص والأخبار واللوائح والبرامج مع الإكمال التلقائي,COMPLIANT_VERIFIED_IN_SOURCE_AND_DEMO,مطابق تماماً — تم بناء وتأكيد الميزة معمارياً وبرمجياً في المستودع وتأكيدها في العرض التجريبي,اختبار استعلامات البحث الداخلي والدقة,Section 3 & 4 (Deliverables Roadmap),Annex 1 & 2 (Technical & Demo Evidence)
TAIZ-FR-008,FR,نظام إدارة محتوى لابرمدي مرن بنمط السحب والإفلات (Drag & Drop Page Builder),COMPLIANT_COMMITTED_IN_WORK_PLAN,مطابق تماماً — التزام تعاقدي كامل بالتطوير والتسليم ضمن خطة الـ 32 أسبوعاً والمعمارية المعتمدة,تجربة بناء صفحة تفاعلية بدون كتابة كود,Section 3 & 4 (Deliverables Roadmap),Annex 1 & 2 (Technical & Demo Evidence)
TAIZ-FR-009,MUST,مستودع ومكتبة وسائط متعددة مركزية لإدارة الصور والفيديو والملفات (PDF,COMPLIANT_COMMITTED_IN_WORK_PLAN,مطابق تماماً — التزام تعاقدي كامل بالتطوير والتسليم ضمن خطة الـ 32 أسبوعاً والمعمارية المعتمدة,FR,Section 3 & 4 (Deliverables Roadmap),Annex 1 & 2 (Technical & Demo Evidence)
TAIZ-FR-010,DATA,إدارة مركزية للروابط والتحويلات التلقائية (301/302 Redirects) لحماية الروابط القديمة,COMPLIANT_COMMITTED_IN_WORK_PLAN,مطابق تماماً — التزام تعاقدي كامل بالتطوير والتسليم ضمن خطة الـ 32 أسبوعاً والمعمارية المعتمدة,فحص جدول التحويلات واختبار الروابط القديمة,Section 3 & 4 (Deliverables Roadmap),Annex 1 & 2 (Technical & Demo Evidence)
TAIZ-CMS-001,FR,منشئ الصفحة الرئيسية المؤسسية: تخصيص الهيدر، السلايدر، والروابط السريعة,COMPLIANT_VERIFIED_IN_SOURCE_AND_DEMO,مطابق تماماً — تم بناء وتأكيد الميزة معمارياً وبرمجياً في المستودع وتأكيدها في العرض التجريبي,تجربة تخصيص مكونات الصفحة الرئيسية من اللوحة,Section 3 & 4 (Deliverables Roadmap),Annex 1 & 2 (Technical & Demo Evidence)
TAIZ-CMS-002,FR,عرض الإحصائيات الجامعية الحية ديناميكياً من قواعد البيانات,COMPLIANT_VERIFIED_IN_SOURCE_AND_DEMO,مطابق تماماً — تم بناء وتأكيد الميزة معمارياً وبرمجياً في المستودع وتأكيدها في العرض التجريبي,التحقق من تغذية الإحصائيات من قواعد البيانات,Section 3 & 4 (Deliverables Roadmap),Annex 1 & 2 (Technical & Demo Evidence)
TAIZ-CMS-003,FR,تخصيص كلمة رئيس الجامعة وأقسام الرسائل القيادية في الصفحة الرئيسية,COMPLIANT_VERIFIED_IN_SOURCE_AND_DEMO,مطابق تماماً — تم بناء وتأكيد الميزة معمارياً وبرمجياً في المستودع وتأكيدها في العرض التجريبي,تعديل وعرض كلمة رئيس الجامعة بسهولة,Section 3 & 4 (Deliverables Roadmap),Annex 1 & 2 (Technical & Demo Evidence)
TAIZ-CMS-004,FR,إدارة الصفحات المؤسسية الثابتة والديناميكية (الرؤية، الرسالة، الأهداف، الهيكل),COMPLIANT_VERIFIED_IN_SOURCE_AND_DEMO,مطابق تماماً — تم بناء وتأكيد الميزة معمارياً وبرمجياً في المستودع وتأكيدها في العرض التجريبي,فحص صفحات التعريف بالجامعة وهيكلها,Section 3 & 4 (Deliverables Roadmap),Annex 1 & 2 (Technical & Demo Evidence)
TAIZ-CMS-005,FR,محرر نصوص متطور (WYSIWYG) يدعم الجداول والوسائط للأخبار والمقالات,COMPLIANT_VERIFIED_IN_SOURCE_AND_DEMO,مطابق تماماً — تم بناء وتأكيد الميزة معمارياً وبرمجياً في المستودع وتأكيدها في العرض التجريبي,تجربة تحرير وتنسيق المقالات الإخبارية,Section 3 & 4 (Deliverables Roadmap),Annex 1 & 2 (Technical & Demo Evidence)
TAIZ-CMS-006,FR,مسار تدفق الموافقات على الأخبار: (مسودة -> مراجعة -> موافقة -> نشر -> أرشفة),COMPLIANT_VERIFIED_IN_SOURCE_AND_DEMO,مطابق تماماً — تم بناء وتأكيد الميزة معمارياً وبرمجياً في المستودع وتأكيدها في العرض التجريبي,اختبار دورة حياة المقال وتدرج الصلاحيات,Section 3 & 4 (Deliverables Roadmap),Annex 1 & 2 (Technical & Demo Evidence)
TAIZ-CMS-007,FR,جدولة النشر التلقائي للأخبار والمقالات في تاريخ ووقت محدد مسبقاً,COMPLIANT_VERIFIED_IN_SOURCE_AND_DEMO,مطابق تماماً — تم بناء وتأكيد الميزة معمارياً وبرمجياً في المستودع وتأكيدها في العرض التجريبي,اختبار نشر مقال مجدول في موعده آلياً,Section 3 & 4 (Deliverables Roadmap),Annex 1 & 2 (Technical & Demo Evidence)
TAIZ-CMS-008,FR,دعم النشر متعدد القنوات ومشاركة المقالات على منصات التواصل الاجتماعي,COMPLIANT_VERIFIED_IN_SOURCE_AND_DEMO,مطابق تماماً — تم بناء وتأكيد الميزة معمارياً وبرمجياً في المستودع وتأكيدها في العرض التجريبي,فحص بطاقات المشاركة وأزرار النشر,Section 3 & 4 (Deliverables Roadmap),Annex 1 & 2 (Technical & Demo Evidence)
TAIZ-CMS-009,FR,إدارة الإعلانات والتعاميم مع تصنيفها (عاجلة، أكاديمية، مالية، عامة),COMPLIANT_VERIFIED_IN_SOURCE_AND_DEMO,مطابق تماماً — تم بناء وتأكيد الميزة معمارياً وبرمجياً في المستودع وتأكيدها في العرض التجريبي,فحص تصنيف ونشر الإعلانات في الواجهات,Section 3 & 4 (Deliverables Roadmap),Annex 1 & 2 (Technical & Demo Evidence)
TAIZ-CMS-010,FR,استهداف جمهور الإعلانات بدقة (الطلاب، أعضاء هيئة التدريس، الموظفين، العامة),COMPLIANT_VERIFIED_IN_SOURCE_AND_DEMO,مطابق تماماً — تم بناء وتأكيد الميزة معمارياً وبرمجياً في المستودع وتأكيدها في العرض التجريبي,فحص ظهور الإعلان للجمهور المستهدف فقط,Section 3 & 4 (Deliverables Roadmap),Annex 1 & 2 (Technical & Demo Evidence)
TAIZ-CMS-011,FR,تحديد تاريخ انتهاء الإعلانات وتفعيل الأرشفة التلقائية بعد الانتهاء,COMPLIANT_VERIFIED_IN_SOURCE_AND_DEMO,مطابق تماماً — تم بناء وتأكيد الميزة معمارياً وبرمجياً في المستودع وتأكيدها في العرض التجريبي,التحقق من اختفاء الإعلان المنتهي وأرشفته,Section 3 & 4 (Deliverables Roadmap),Annex 1 & 2 (Technical & Demo Evidence)
TAIZ-CMS-012,FR,إدارة الفعاليات والأنشطة الجامعية وتوثيق تفاصيلها ومواقعها ومتحدثيها,COMPLIANT_VERIFIED_IN_SOURCE_AND_DEMO,مطابق تماماً — تم بناء وتأكيد الميزة معمارياً وبرمجياً في المستودع وتأكيدها في العرض التجريبي,فحص دليل الفعاليات والأنشطة المقامة,Section 3 & 4 (Deliverables Roadmap),Annex 1 & 2 (Technical & Demo Evidence)
TAIZ-CMS-013,FR,التقويم الأكاديمي التفاعلي ودعم تصدير المواعيد بتنسيق iCal وتكامل Google Calendar,COMPLIANT_VERIFIED_IN_SOURCE_AND_DEMO,مطابق تماماً — تم بناء وتأكيد الميزة معمارياً وبرمجياً في المستودع وتأكيدها في العرض التجريبي,فحص تصدير ملفات التقويم والربط التفاعلي,Section 3 & 4 (Deliverables Roadmap),Annex 1 & 2 (Technical & Demo Evidence)
TAIZ-CMS-014,FR,إتاحة التسجيل الإلكتروني في الفعاليات والندوات عبر المنصة,COMPLIANT_VERIFIED_IN_SOURCE_AND_DEMO,مطابق تماماً — تم بناء وتأكيد الميزة معمارياً وبرمجياً في المستودع وتأكيدها في العرض التجريبي,تجربة نموذج التسجيل واستقبال التأكيدات,Section 3 & 4 (Deliverables Roadmap),Annex 1 & 2 (Technical & Demo Evidence)
TAIZ-CMS-015,FR,دليل البرامج الأكاديمية وخطط البكالوريوس والدراسات العليا وتوصيف المقررات,COMPLIANT_VERIFIED_IN_SOURCE_AND_DEMO,مطابق تماماً — تم بناء وتأكيد الميزة معمارياً وبرمجياً في المستودع وتأكيدها في العرض التجريبي,فحص هيكل البرامج وتوصيف المقررات والساعات,Section 3 & 4 (Deliverables Roadmap),Annex 1 & 2 (Technical & Demo Evidence)
TAIZ-CMS-016,FR,دليل أعضاء هيئة التدريس وصفحاتهم الشخصية وسيرهم الذاتية وساعاتهم المكتبية,COMPLIANT_VERIFIED_IN_SOURCE_AND_DEMO,مطابق تماماً — تم بناء وتأكيد الميزة معمارياً وبرمجياً في المستودع وتأكيدها في العرض التجريبي,مراجعة صفحات الكادر الأكاديمي والبيانات,Section 3 & 4 (Deliverables Roadmap),Annex 1 & 2 (Technical & Demo Evidence)
TAIZ-CMS-017,FR,ربط الملفات الشخصية للأكاديميين بمعرفات Google Scholar و ORCID و Scopus,COMPLIANT_VERIFIED_IN_SOURCE_AND_DEMO,مطابق تماماً — تم بناء وتأكيد الميزة معمارياً وبرمجياً في المستودع وتأكيدها في العرض التجريبي,فحص صحة الروابط البحثية في بروفايل الكادر,Section 3 & 4 (Deliverables Roadmap),Annex 1 & 2 (Technical & Demo Evidence)
TAIZ-CMS-018,OPS,توليد مصغرات الصور والأبعاد المتعددة تلقائياً عند رفع الوسائط لتحسين السرعة,COMPLIANT_VERIFIED_IN_SOURCE_AND_DEMO,مطابق تماماً — تم بناء وتأكيد الميزة معمارياً وبرمجياً في المستودع وتأكيدها في العرض التجريبي,فحص توليد صور WebP والمصغرات آلياً,Section 3 & 4 (Deliverables Roadmap),Annex 1 & 2 (Technical & Demo Evidence)
TAIZ-CMS-019,FR,منشئ النماذج والاستبيانات الديناميكية التفاعلية (Dynamic Form Builder),COMPLIANT_COMMITTED_IN_WORK_PLAN,مطابق تماماً — التزام تعاقدي كامل بالتطوير والتسليم ضمن خطة الـ 32 أسبوعاً والمعمارية المعتمدة,تجربة بناء استبيان متعدد الحقول ونشره,Section 3 & 4 (Deliverables Roadmap),Annex 1 & 2 (Technical & Demo Evidence)
TAIZ-CMS-020,FR,التحقق اللحظي من صحة مدخلات النماذج وتصدير الردود بتنسيقات CSV / Excel,COMPLIANT_COMMITTED_IN_WORK_PLAN,مطابق تماماً — التزام تعاقدي كامل بالتطوير والتسليم ضمن خطة الـ 32 أسبوعاً والمعمارية المعتمدة,تجربة تصدير بيانات نموذج بعد استيفائه,Section 3 & 4 (Deliverables Roadmap),Annex 1 & 2 (Technical & Demo Evidence)
TAIZ-CMS-021,FR,قاعدة معرفية تفاعلية للأسئلة الشائعة (FAQ) مصنفة حسب الكليات والخدمات,COMPLIANT_VERIFIED_IN_SOURCE_AND_DEMO,مطابق تماماً — تم بناء وتأكيد الميزة معمارياً وبرمجياً في المستودع وتأكيدها في العرض التجريبي,تصفح الأسئلة الشائعة والبحث فيها,Section 3 & 4 (Deliverables Roadmap),Annex 1 & 2 (Technical & Demo Evidence)
TAIZ-CMS-022,AI,ربط الأسئلة الشائعة بمحرك البحث ومحرك الذكاء الاصطناعي لتغذية الإجابات الفورية,COMPLIANT_VERIFIED_IN_SOURCE_AND_DEMO,مطابق تماماً — تم بناء وتأكيد الميزة معمارياً وبرمجياً في المستودع وتأكيدها في العرض التجريبي,فحص استرجاع إجابة السؤال الشائع في المحادثة,Section 3 & 4 (Deliverables Roadmap),Annex 1 & 2 (Technical & Demo Evidence)
TAIZ-CMS-023,SEC,سجل تدقيق تاريخي غير قابل للتعديل (Audit Trail) لكافة عمليات CMS,COMPLIANT_VERIFIED_IN_SOURCE_AND_DEMO,مطابق تماماً — تم بناء وتأكيد الميزة معمارياً وبرمجياً في المستودع وتأكيدها في العرض التجريبي,فحص سجلات التدقيق وتوثيق IP والمستخدم,Section 3 & 4 (Deliverables Roadmap),Annex 1 & 2 (Technical & Demo Evidence)
TAIZ-MS-001,FR,إدارة مركزية موحدة لـ 25 موقعاً وفرعاً تشمل كليات الجامعة والمراكز عبر لوحة واحدة,COMPLIANT_VERIFIED_IN_SOURCE_AND_DEMO,مطابق تماماً — تم بناء وتأكيد الميزة معمارياً وبرمجياً في المستودع وتأكيدها في العرض التجريبي,تجربة إدارة وتشغيل 25 موقعاً بالتزامن,Section 3 & 4 (Deliverables Roadmap),Annex 1 & 2 (Technical & Demo Evidence)
TAIZ-MS-002,FR,حوكمة مركزية للسياسات والأمان مع استقلالية محلية لكل كلية في إدارة محتواها,COMPLIANT_VERIFIED_IN_SOURCE_AND_DEMO,مطابق تماماً — تم بناء وتأكيد الميزة معمارياً وبرمجياً في المستودع وتأكيدها في العرض التجريبي,فحص عزل محتوى وصلاحيات كلية عن أخرى,Section 3 & 4 (Deliverables Roadmap),Annex 1 & 2 (Technical & Demo Evidence)
TAIZ-MS-003,UX,محرك قوالب موحد يلتزم بالهوية المؤسسية مع مرونة تخصيص سمات كل كلية,COMPLIANT_VERIFIED_IN_SOURCE_AND_DEMO,مطابق تماماً — تم بناء وتأكيد الميزة معمارياً وبرمجياً في المستودع وتأكيدها في العرض التجريبي,فحص تطبيق سمة لونية مخصصة لكلية على القالب,Section 3 & 4 (Deliverables Roadmap),Annex 1 & 2 (Technical & Demo Evidence)
TAIZ-MS-004,OPS,دعم النطاقات الفرعية التلقائية لكافة المواقع (مثل med.taiz.edu.ye),COMPLIANT_VERIFIED_IN_SOURCE_AND_DEMO,مطابق تماماً — تم بناء وتأكيد الميزة معمارياً وبرمجياً في المستودع وتأكيدها في العرض التجريبي,فحص توجيه واستجابة النطاقات الفرعية,Section 3 & 4 (Deliverables Roadmap),Annex 1 & 2 (Technical & Demo Evidence)
TAIZ-MS-005,OPS,دعم ربط نطاقات مخصصة (Custom Domains) لبعض المراكز المستقلة مستقبلاً,COMPLIANT_VERIFIED_IN_SOURCE_AND_DEMO,مطابق تماماً — تم بناء وتأكيد الميزة معمارياً وبرمجياً في المستودع وتأكيدها في العرض التجريبي,فحص إعدادات توجيه النطاقات المخصصة,Section 3 & 4 (Deliverables Roadmap),Annex 1 & 2 (Technical & Demo Evidence)
TAIZ-MS-006,SEC,إدارة هرمية للمستخدمين والصلاحيات المحلية على مستوى الموقع الفرعي,COMPLIANT_VERIFIED_IN_SOURCE_AND_DEMO,مطابق تماماً — تم بناء وتأكيد الميزة معمارياً وبرمجياً في المستودع وتأكيدها في العرض التجريبي,اختبار منع وصول محرر كلية للوحة كلية أخرى,Section 3 & 4 (Deliverables Roadmap),Annex 1 & 2 (Technical & Demo Evidence)
TAIZ-MS-007,FR,ميزة البحث الثنائي: حصر البحث داخل موقع الكلية أو البحث الشامل في الـ 25 موقعاً,COMPLIANT_VERIFIED_IN_SOURCE_AND_DEMO,مطابق تماماً — تم بناء وتأكيد الميزة معمارياً وبرمجياً في المستودع وتأكيدها في العرض التجريبي,تجربة استعلام بحث موضعي واستعلام بحث عام,Section 3 & 4 (Deliverables Roadmap),Annex 1 & 2 (Technical & Demo Evidence)
TAIZ-MS-008,FR,ميزة التعميم المركزي: نشر الأخبار والتعاميم على كافة المواقع بنقرة واحدة,COMPLIANT_VERIFIED_IN_SOURCE_AND_DEMO,مطابق تماماً — تم بناء وتأكيد الميزة معمارياً وبرمجياً في المستودع وتأكيدها في العرض التجريبي,فحص ظهور خبر رئاسة الجامعة في واجهات الكليات,Section 3 & 4 (Deliverables Roadmap),Annex 1 & 2 (Technical & Demo Evidence)
TAIZ-MS-009.1,FR,تدشين المواقع خطوة 1: إدخال اسم وبيانات الموقع الفرعي باللغتين عربي وإنجليزي,COMPLIANT_VERIFIED_IN_SOURCE_AND_DEMO,مطابق تماماً — تم بناء وتأكيد الميزة معمارياً وبرمجياً في المستودع وتأكيدها في العرض التجريبي,إدخال بيانات الموقع واعتمادها,Section 3 & 4 (Deliverables Roadmap),Annex 1 & 2 (Technical & Demo Evidence)
TAIZ-MS-009.2,UX,تدشين المواقع خطوة 2: اختيار القالب وضبط ألوان وهوية الكلية الفرعية,COMPLIANT_VERIFIED_IN_SOURCE_AND_DEMO,مطابق تماماً — تم بناء وتأكيد الميزة معمارياً وبرمجياً في المستودع وتأكيدها في العرض التجريبي,معاينة وتطبيق سمة الكلية على القالب,Section 3 & 4 (Deliverables Roadmap),Annex 1 & 2 (Technical & Demo Evidence)
TAIZ-MS-009.3,OPS,تدشين المواقع خطوة 3: تكوين وتوليد النطاق الفرعي وإعدادات DNS,COMPLIANT_VERIFIED_IN_SOURCE_AND_DEMO,مطابق تماماً — تم بناء وتأكيد الميزة معمارياً وبرمجياً في المستودع وتأكيدها في العرض التجريبي,فحص سلامة توجيه النطاق الفرعي,Section 3 & 4 (Deliverables Roadmap),Annex 1 & 2 (Technical & Demo Evidence)
TAIZ-MS-009.4,SEC,تدشين المواقع خطوة 4: تعيين مدير الموقع ومحرري الكلية وصلاحياتهم,COMPLIANT_VERIFIED_IN_SOURCE_AND_DEMO,مطابق تماماً — تم بناء وتأكيد الميزة معمارياً وبرمجياً في المستودع وتأكيدها في العرض التجريبي,تعيين الحسابات وفحص أذوناتهم,Section 3 & 4 (Deliverables Roadmap),Annex 1 & 2 (Technical & Demo Evidence)
TAIZ-MS-009.5,FR,تدشين المواقع خطوة 5: إعداد الأقسام العلمية والهيكل الأكاديمي للكلية,COMPLIANT_VERIFIED_IN_SOURCE_AND_DEMO,مطابق تماماً — تم بناء وتأكيد الميزة معمارياً وبرمجياً في المستودع وتأكيدها في العرض التجريبي,فحص إنشاء الأقسام وربطها بالكلية,Section 3 & 4 (Deliverables Roadmap),Annex 1 & 2 (Technical & Demo Evidence)
TAIZ-MS-009.6,FR,تدشين المواقع خطوة 6: تكوين وبناء قوائم التصفح الرئيسية والفرعية للموقع,COMPLIANT_VERIFIED_IN_SOURCE_AND_DEMO,مطابق تماماً — تم بناء وتأكيد الميزة معمارياً وبرمجياً في المستودع وتأكيدها في العرض التجريبي,فحص قوائم التصفح الناتجة,Section 3 & 4 (Deliverables Roadmap),Annex 1 & 2 (Technical & Demo Evidence)
TAIZ-MS-009.7,A11Y,تدشين المواقع خطوة 7: الفحص الأوتوماتيكي للنفاذية الرقمية WCAG 2.2 AA,COMPLIANT_VERIFIED_IN_SOURCE_AND_DEMO,مطابق تماماً — تم بناء وتأكيد الميزة معمارياً وبرمجياً في المستودع وتأكيدها في العرض التجريبي,اجتياز الفحص الآلي بدون أخطاء نفاذية,Section 3 & 4 (Deliverables Roadmap),Annex 1 & 2 (Technical & Demo Evidence)
TAIZ-MS-009.8,FR,تدشين المواقع خطوة 8: مراجعة المحتوى والصفحات التجريبية قبل الإطلاق,COMPLIANT_VERIFIED_IN_SOURCE_AND_DEMO,مطابق تماماً — تم بناء وتأكيد الميزة معمارياً وبرمجياً في المستودع وتأكيدها في العرض التجريبي,مراجعة واعتماد النسخة التجريبية للموقع,Section 3 & 4 (Deliverables Roadmap),Annex 1 & 2 (Technical & Demo Evidence)
TAIZ-MS-009.9,OPS,تدشين المواقع خطوة 9: الإطلاق الرسمي والتدشين بنقرة واحدة ونشر الموقع حياً,COMPLIANT_VERIFIED_IN_SOURCE_AND_DEMO,مطابق تماماً — تم بناء وتأكيد الميزة معمارياً وبرمجياً في المستودع وتأكيدها في العرض التجريبي,التأكد من عمل الموقع حياً وربطه بالبحث,Section 3 & 4 (Deliverables Roadmap),Annex 1 & 2 (Technical & Demo Evidence)
TAIZ-MS-010,OPS,عزل مساحات التخزين والوسائط لكل كلية ومرفق ضمن بنية التخزين المركزية,COMPLIANT_VERIFIED_IN_SOURCE_AND_DEMO,مطابق تماماً — تم بناء وتأكيد الميزة معمارياً وبرمجياً في المستودع وتأكيدها في العرض التجريبي,فحص أذونات الوصول وعزل الملفات,Section 3 & 4 (Deliverables Roadmap),Annex 1 & 2 (Technical & Demo Evidence)
TAIZ-PORT-001,FR,بوابة الطالب الجامعية الشاملة (الملف الأكاديمي، الجدول، النتائج، الرسوم، الطلبات),COMPLIANT_VERIFIED_IN_SOURCE_AND_DEMO,مطابق تماماً — تم بناء وتأكيد الميزة معمارياً وبرمجياً في المستودع وتأكيدها في العرض التجريبي,اختبارات قبول المستخدم لسيناريوهات الطالب,Section 3 & 4 (Deliverables Roadmap),Annex 1 & 2 (Technical & Demo Evidence)
TAIZ-PORT-002,FR,عرض السجل الأكاديمي وكشف الدرجات الفصلي والتراكمي للطالب,COMPLIANT_VERIFIED_IN_SOURCE_AND_DEMO,مطابق تماماً — تم بناء وتأكيد الميزة معمارياً وبرمجياً في المستودع وتأكيدها في العرض التجريبي,فحص مطابقة درجات الطالب والمعدل التراكمي,Section 3 & 4 (Deliverables Roadmap),Annex 1 & 2 (Technical & Demo Evidence)
TAIZ-PORT-003,FR,تقديم ومتابعة الطلبات والخدمات الطلابية الإلكترونية وتتبع مسارها,COMPLIANT_VERIFIED_IN_SOURCE_AND_DEMO,مطابق تماماً — تم بناء وتأكيد الميزة معمارياً وبرمجياً في المستودع وتأكيدها في العرض التجريبي,تجربة تقديم طلب ومتابعة خط زمني لحالته,Section 3 & 4 (Deliverables Roadmap),Annex 1 & 2 (Technical & Demo Evidence)
TAIZ-PORT-004,FR,إصدار الإفادات والشهادات الإلكترونية المعتمدة بـ QR ورابط تحقق عام آمن,COMPLIANT_VERIFIED_IN_SOURCE_AND_DEMO,مطابق تماماً — تم بناء وتأكيد الميزة معمارياً وبرمجياً في المستودع وتأكيدها في العرض التجريبي,فحص توليد الوثيقة ومسح رمز الـ QR للتحقق,Section 3 & 4 (Deliverables Roadmap),Annex 1 & 2 (Technical & Demo Evidence)
TAIZ-PORT-005,FR,بوابة الكادر الأكاديمي (إدارة المقررات، رصد الدرجات، الحضور، المشاريع، المجالس),COMPLIANT_VERIFIED_IN_SOURCE_AND_DEMO,مطابق تماماً — تم بناء وتأكيد الميزة معمارياً وبرمجياً في المستودع وتأكيدها في العرض التجريبي,تجربة سيناريوهات الأستاذ الجامعي ورصد الدرجات,Section 3 & 4 (Deliverables Roadmap),Annex 1 & 2 (Technical & Demo Evidence)
TAIZ-PORT-006,FR,رصد وتقييم الحضور والغياب للطلاب وإشعار الحرمان التلقائي,COMPLIANT_VERIFIED_IN_SOURCE_AND_DEMO,مطابق تماماً — تم بناء وتأكيد الميزة معمارياً وبرمجياً في المستودع وتأكيدها في العرض التجريبي,فحص تسجيل الحضور واحتساب نسب الغياب,Section 3 & 4 (Deliverables Roadmap),Annex 1 & 2 (Technical & Demo Evidence)
TAIZ-PORT-007,FR,مسار رصد ومراجعة الدرجات واعتمادها من مجلس القسم والكلية,COMPLIANT_VERIFIED_IN_SOURCE_AND_DEMO,مطابق تماماً — تم بناء وتأكيد الميزة معمارياً وبرمجياً في المستودع وتأكيدها في العرض التجريبي,اختبار مسار اعتماد النتيجة قبل النشر,Section 3 & 4 (Deliverables Roadmap),Annex 1 & 2 (Technical & Demo Evidence)
TAIZ-PORT-008,FR,إدارة وتوزيع مشاريع التخرج للطلاب والإشراف والتقييم النهائي,COMPLIANT_VERIFIED_IN_SOURCE_AND_DEMO,مطابق تماماً — تم بناء وتأكيد الميزة معمارياً وبرمجياً في المستودع وتأكيدها في العرض التجريبي,تجربة دورة حياة مشروع تخرج بالكامل,Section 3 & 4 (Deliverables Roadmap),Annex 1 & 2 (Technical & Demo Evidence)
TAIZ-PORT-009,FR,بوابة الموظفين والإداريين (الخدمات الإدارية، طلبات الإجازات، المراسلات الداخلية),COMPLIANT_VERIFIED_IN_SOURCE_AND_DEMO,مطابق تماماً — تم بناء وتأكيد الميزة معمارياً وبرمجياً في المستودع وتأكيدها في العرض التجريبي,اختبارات سيناريوهات الموظف وصندوق المهام,Section 3 & 4 (Deliverables Roadmap),Annex 1 & 2 (Technical & Demo Evidence)
TAIZ-PORT-010,FR,صندوق مهام موحد للموظف لمعالجة الطلبات المحالة لدوره ووحدته,COMPLIANT_VERIFIED_IN_SOURCE_AND_DEMO,مطابق تماماً — تم بناء وتأكيد الميزة معمارياً وبرمجياً في المستودع وتأكيدها في العرض التجريبي,فحص استقبال ومعالجة الطلبات في صندوق الوارد,Section 3 & 4 (Deliverables Roadmap),Annex 1 & 2 (Technical & Demo Evidence)
TAIZ-PORT-011,SEC,نظام الدخول الموحد المؤسسي (SSO عبر Keycloak / OIDC / OAuth2 / SAML),COMPLIANT_VERIFIED_IN_SOURCE_AND_DEMO,مطابق تماماً — تم بناء وتأكيد الميزة معمارياً وبرمجياً في المستودع وتأكيدها في العرض التجريبي,اختبار تسجيل دخول موحد بكافة البوابات,Section 3 & 4 (Deliverables Roadmap),Annex 1 & 2 (Technical & Demo Evidence)
TAIZ-PORT-012,SEC,فرض المصادقة الثنائية الإلزامية (MFA عبر TOTP / OTP) لحسابات الإدارة والأكاديميين,COMPLIANT_VERIFIED_IN_SOURCE_AND_DEMO,مطابق تماماً — تم بناء وتأكيد الميزة معمارياً وبرمجياً في المستودع وتأكيدها في العرض التجريبي,فحص طلب رمز التحقق الثاني عند الدخول,Section 3 & 4 (Deliverables Roadmap),Annex 1 & 2 (Technical & Demo Evidence)
TAIZ-PORT-013,FR,محرك مسار تدفق الخدمات الشامل (دورة الحياة الكاملة من الطلب إلى النتيجة),COMPLIANT_VERIFIED_IN_SOURCE_AND_DEMO,مطابق تماماً — تم بناء وتأكيد الميزة معمارياً وبرمجياً في المستودع وتأكيدها في العرض التجريبي,اختبار دورة خدمة إلكترونية كاملة,Section 3 & 4 (Deliverables Roadmap),Annex 1 & 2 (Technical & Demo Evidence)
TAIZ-PORT-014,FR,مرونة تخصيص مسارات الموافقات وتعيين الوحدات المعالجة دون تعديل الكود البرمجي,COMPLIANT_VERIFIED_IN_SOURCE_AND_DEMO,مطابق تماماً — تم بناء وتأكيد الميزة معمارياً وبرمجياً في المستودع وتأكيدها في العرض التجريبي,تجربة تعديل مسار خدمة من لوحة الإدارة,Section 3 & 4 (Deliverables Roadmap),Annex 1 & 2 (Technical & Demo Evidence)
TAIZ-PORT-015,DEV,فصل الخدمات الأصيلة المنفذة بالبوابة عن خدمات التكامل مع أنظمة SIS/HR,COMPLIANT_VERIFIED_IN_SOURCE_AND_DEMO,مطابق تماماً — تم بناء وتأكيد الميزة معمارياً وبرمجياً في المستودع وتأكيدها في العرض التجريبي,تدقيق عزل المعاملات وقواعد البيانات,Section 3 & 4 (Deliverables Roadmap),Annex 1 & 2 (Technical & Demo Evidence)
TAIZ-PORT-016,FR,توجيه الطالب للسداد في النظام المالي للجامعة والتحقق اليدوي دون بوابة دفع داخلية,COMPLIANT_VERIFIED_IN_SOURCE_AND_DEMO,مطابق تماماً — تم بناء وتأكيد الميزة معمارياً وبرمجياً في المستودع وتأكيدها في العرض التجريبي,فحص واجهة الرسوم وتأكيد السداد المالي,Section 3 & 4 (Deliverables Roadmap),Annex 1 & 2 (Technical & Demo Evidence)
TAIZ-AI-001,AI,المساعد الافتراضي والدردشة الذكية السيادية باستضافة محلية كاملة On-Premises,COMPLIANT_COMMITTED_IN_WORK_PLAN,مطابق تماماً — التزام تعاقدي كامل بالتطوير والتسليم ضمن خطة الـ 32 أسبوعاً والمعمارية المعتمدة,فحص حركة الشبكة وتأكيد الاستضافة المحلية 100%,Section 3 & 4 (Deliverables Roadmap),Annex 1 & 2 (Technical & Demo Evidence)
TAIZ-AI-002,SEC,حظر تسريب أو إرسال أي بيانات أو استفسارات جامعية لخدمات سحابية خارجية,COMPLIANT_COMMITTED_IN_WORK_PLAN,مطابق تماماً — التزام تعاقدي كامل بالتطوير والتسليم ضمن خطة الـ 32 أسبوعاً والمعمارية المعتمدة,تدقيق أمني لحركة بيانات نموذج الذكاء,Section 3 & 4 (Deliverables Roadmap),Annex 1 & 2 (Technical & Demo Evidence)
TAIZ-AI-003,AI,استخدام قاعدة بيانات متجهات متخصصة مفتوحة المصدر وعالية الأداء (Qdrant/Milvus),COMPLIANT_COMMITTED_IN_WORK_PLAN,مطابق تماماً — التزام تعاقدي كامل بالتطوير والتسليم ضمن خطة الـ 32 أسبوعاً والمعمارية المعتمدة,فحص استجابة وأداء قاعدة المتجهات,Section 3 & 4 (Deliverables Roadmap),Annex 1 & 2 (Technical & Demo Evidence)
TAIZ-AI-004,AI,استخدام نماذج لغوية مفتوحة المصدر قابلة للاستضافة الذاتية (Llama 3 / Qwen 2.5),COMPLIANT_COMMITTED_IN_WORK_PLAN,مطابق تماماً — التزام تعاقدي كامل بالتطوير والتسليم ضمن خطة الـ 32 أسبوعاً والمعمارية المعتمدة,فحص تشغيل النموذج محلياً وجودة التوليد,Section 3 & 4 (Deliverables Roadmap),Annex 1 & 2 (Technical & Demo Evidence)
TAIZ-AI-005,AI,استخدام نموذج تضمين لغوي متعدد اللغات يدعم العربية بدقة (bge-m3 / multilingual-e5),COMPLIANT_COMMITTED_IN_WORK_PLAN,مطابق تماماً — التزام تعاقدي كامل بالتطوير والتسليم ضمن خطة الـ 32 أسبوعاً والمعمارية المعتمدة,تقييم دقة التضمين واسترجاع النصوص العربية,Section 3 & 4 (Deliverables Roadmap),Annex 1 & 2 (Technical & Demo Evidence)
TAIZ-AI-006,AI,منع الهلوسة وحظر التوليد الحر وحصر إجابات المساعد على لوائح ووثائق الجامعة,COMPLIANT_COMMITTED_IN_WORK_PLAN,مطابق تماماً — التزام تعاقدي كامل بالتطوير والتسليم ضمن خطة الـ 32 أسبوعاً والمعمارية المعتمدة,اختبارات حقن أسئلة فخ وتوثيق نسبة الهلوسة (0%),Section 3 & 4 (Deliverables Roadmap),Annex 1 & 2 (Technical & Demo Evidence)
TAIZ-AI-007,AI,رفض الإجابة الصريح والشفاف عند عدم وجود سند رسمي في قاعدة المعرفة,COMPLIANT_COMMITTED_IN_WORK_PLAN,مطابق تماماً — التزام تعاقدي كامل بالتطوير والتسليم ضمن خطة الـ 32 أسبوعاً والمعمارية المعتمدة,التحقق من رفض الإجابة على استفسارات خارج السياق,Section 3 & 4 (Deliverables Roadmap),Annex 1 & 2 (Technical & Demo Evidence)
TAIZ-AI-008,AI,إسناد المصادر والاستشهاد الشفاف بروابط وأرقام مواد اللائحة في كل رد,COMPLIANT_COMMITTED_IN_WORK_PLAN,مطابق تماماً — التزام تعاقدي كامل بالتطوير والتسليم ضمن خطة الـ 32 أسبوعاً والمعمارية المعتمدة,فحص دقة الروابط والإحالات في إجابات المساعد,Section 3 & 4 (Deliverables Roadmap),Annex 1 & 2 (Technical & Demo Evidence)
TAIZ-AI-009,AI,تطبيق المعالجة الصرفية المتقدمة للغة العربية واستخراج الجذور (Farasa / CamelTools),COMPLIANT_COMMITTED_IN_WORK_PLAN,مطابق تماماً — التزام تعاقدي كامل بالتطوير والتسليم ضمن خطة الـ 32 أسبوعاً والمعمارية المعتمدة,اختبار دقة استرجاع صيغ ومترادفات اللغة العربية,Section 3 & 4 (Deliverables Roadmap),Annex 1 & 2 (Technical & Demo Evidence)
TAIZ-AI-010,AI,محرك البحث الهجين (Hybrid Search) بدمج البحث النصي BM25 والبحث المتجهي عبر RRF,COMPLIANT_COMMITTED_IN_WORK_PLAN,مطابق تماماً — التزام تعاقدي كامل بالتطوير والتسليم ضمن خطة الـ 32 أسبوعاً والمعمارية المعتمدة,قياس دقة استرجاع النتائج بالبحث الهجين,Section 3 & 4 (Deliverables Roadmap),Annex 1 & 2 (Technical & Demo Evidence)
TAIZ-AI-011,AI,قاعدة المعرفة المركزية مع توثيق مالك المحتوى والتحديث التلقائي للمتجهات,COMPLIANT_COMMITTED_IN_WORK_PLAN,مطابق تماماً — التزام تعاقدي كامل بالتطوير والتسليم ضمن خطة الـ 32 أسبوعاً والمعمارية المعتمدة,اختبار تحديث وثيقة والتحقق من تحديث متجهاتها فوراً,Section 3 & 4 (Deliverables Roadmap),Annex 1 & 2 (Technical & Demo Evidence)
TAIZ-AI-012,SEC,حماية المساعد الذكي من هجمات حقن الأوامر وتجاوز سياق النظام (Prompt Injection),COMPLIANT_COMMITTED_IN_WORK_PLAN,مطابق تماماً — التزام تعاقدي كامل بالتطوير والتسليم ضمن خطة الـ 32 أسبوعاً والمعمارية المعتمدة,اختبارات اختراق متخصصة لأمان محرك الذكاء,Section 3 & 4 (Deliverables Roadmap),Annex 1 & 2 (Technical & Demo Evidence)
TAIZ-AI-013,SEC,فرض مصفوفة التحكم بالوصول والصلاحيات (RBAC) على استعلامات الذكاء,COMPLIANT_COMMITTED_IN_WORK_PLAN,مطابق تماماً — التزام تعاقدي كامل بالتطوير والتسليم ضمن خطة الـ 32 أسبوعاً والمعمارية المعتمدة,التحقق من حجب الوثائق السرية عن غير المصرح لهم,Section 3 & 4 (Deliverables Roadmap),Annex 1 & 2 (Technical & Demo Evidence)
TAIZ-AI-014,AI,لوحة حوكمة وتحليلات الذكاء ومراجعة سجلات المحادثات وتصنيف الأسئلة غير المجابة,COMPLIANT_COMMITTED_IN_WORK_PLAN,مطابق تماماً — التزام تعاقدي كامل بالتطوير والتسليم ضمن خطة الـ 32 أسبوعاً والمعمارية المعتمدة,مراجعة لوحة الحوكمة وتحليلات الأداء,Section 3 & 4 (Deliverables Roadmap),Annex 1 & 2 (Technical & Demo Evidence)
TAIZ-AI-015,AI,تفعيل آلية التدخل البشري (Human-in-the-loop) لتصحيح الردود وتغذية المعرفة دورياً,COMPLIANT_COMMITTED_IN_WORK_PLAN,مطابق تماماً — التزام تعاقدي كامل بالتطوير والتسليم ضمن خطة الـ 32 أسبوعاً والمعمارية المعتمدة,تجربة تصحيح استجابة وتحديث قاعدة المعرفة,Section 3 & 4 (Deliverables Roadmap),Annex 1 & 2 (Technical & Demo Evidence)
TAIZ-AI-016,AI,تحقيق مؤشرات الدقة المعتمدة: Recall@10 لا يقل عن 85% ومعدل غير المدعومة < 5%,COMPLIANT_COMMITTED_IN_WORK_PLAN,مطابق تماماً — التزام تعاقدي كامل بالتطوير والتسليم ضمن خطة الـ 32 أسبوعاً والمعمارية المعتمدة,تقرير قياس Recall@10 الصادر من بيئة الاختبار,Section 3 & 4 (Deliverables Roadmap),Annex 1 & 2 (Technical & Demo Evidence)
TAIZ-SEC-001,SEC,الامتثال الكامل لمعيار الأمان العالمي OWASP ASVS v4.0 Level 2 وبنية عدم الثقة Zero Trust,COMPLIANT_VERIFIED_IN_SOURCE_AND_DEMO,مطابق تماماً — تم بناء وتأكيد الميزة معمارياً وبرمجياً في المستودع وتأكيدها في العرض التجريبي,مراجعة وتدقيق مصفوفة التحقق الأمني ASVS L2,Section 3 & 4 (Deliverables Roadmap),Annex 1 & 2 (Technical & Demo Evidence)
TAIZ-SEC-002,SEC,فرض تشفير الاتصالات حصراً عبر بروتوكول TLS 1.3 مع إلغاء القديمة وتفعيل HSTS,COMPLIANT_VERIFIED_IN_SOURCE_AND_DEMO,مطابق تماماً — تم بناء وتأكيد الميزة معمارياً وبرمجياً في المستودع وتأكيدها في العرض التجريبي,فحص تكوين الخوادم (تصنيف A+ في SSL Labs),Section 3 & 4 (Deliverables Roadmap),Annex 1 & 2 (Technical & Demo Evidence)
TAIZ-SEC-003,SEC,تشفير البيانات الحساسة وقواعد البيانات أثناء السكون باستخدام خوارزمية AES-256,COMPLIANT_VERIFIED_IN_SOURCE_AND_DEMO,مطابق تماماً — تم بناء وتأكيد الميزة معمارياً وبرمجياً في المستودع وتأكيدها في العرض التجريبي,تدقيق تشفير الحقول وقواعد البيانات والمفاتيح,Section 3 & 4 (Deliverables Roadmap),Annex 1 & 2 (Technical & Demo Evidence)
TAIZ-SEC-004,SEC,الحماية الصارمة من ثغرات حقن الأوامر SQLi عبر الاعتماد الحصري على Prepared Statements,COMPLIANT_VERIFIED_IN_SOURCE_AND_DEMO,مطابق تماماً — تم بناء وتأكيد الميزة معمارياً وبرمجياً في المستودع وتأكيدها في العرض التجريبي,مراجعة الكود البرمجي الآلية والفحص الثابت,Section 3 & 4 (Deliverables Roadmap),Annex 1 & 2 (Technical & Demo Evidence)
TAIZ-SEC-005,SEC,الحماية الصارمة من ثغرات XSS عبر تنقية المدخلات باستخدام DOMPurify وتطبيق CSP,COMPLIANT_VERIFIED_IN_SOURCE_AND_DEMO,مطابق تماماً — تم بناء وتأكيد الميزة معمارياً وبرمجياً في المستودع وتأكيدها في العرض التجريبي,فحص تنقية المدخلات وسياسات أمان المحتوى,Section 3 & 4 (Deliverables Roadmap),Annex 1 & 2 (Technical & Demo Evidence)
TAIZ-SEC-006,SEC,الحماية الصارمة من ثغرات التحكم بالوصول (IDOR / BOLA) عبر RLS و Guards,COMPLIANT_VERIFIED_IN_SOURCE_AND_DEMO,مطابق تماماً — تم بناء وتأكيد الميزة معمارياً وبرمجياً في المستودع وتأكيدها في العرض التجريبي,اختبارات مصفوفة التفويض الإيجابية والسلبية,Section 3 & 4 (Deliverables Roadmap),Annex 1 & 2 (Technical & Demo Evidence)
TAIZ-SEC-007,SEC,فحص الملفات المرفوعة لحظياً بواسطة مضاد فيروسات (ICAP Antivirus / Sandbox),COMPLIANT_COMMITTED_IN_WORK_PLAN,مطابق تماماً — التزام تعاقدي كامل بالتطوير والتسليم ضمن خطة الـ 32 أسبوعاً والمعمارية المعتمدة,اختبار رفع ملفات تجريبية خبيثة والتحقق من حظرها,Section 3 & 4 (Deliverables Roadmap),Annex 1 & 2 (Technical & Demo Evidence)
TAIZ-SEC-008,.sh,حظر كافة الامتدادات التنفيذية والخطرة (.exe,COMPLIANT_COMMITTED_IN_WORK_PLAN,مطابق تماماً — التزام تعاقدي كامل بالتطوير والتسليم ضمن خطة الـ 32 أسبوعاً والمعمارية المعتمدة,.bat) وعزل مخزن الملفات,Section 3 & 4 (Deliverables Roadmap),Annex 1 & 2 (Technical & Demo Evidence)
TAIZ-SEC-009,SEC,تسجيل كافة العمليات الحساسة ومحاولات الدخول في سجلات تدقيق غير قابلة للتعديل,COMPLIANT_VERIFIED_IN_SOURCE_AND_DEMO,مطابق تماماً — تم بناء وتأكيد الميزة معمارياً وبرمجياً في المستودع وتأكيدها في العرض التجريبي,فحص جداول audit_logs واستحالة تعديلها,Section 3 & 4 (Deliverables Roadmap),Annex 1 & 2 (Technical & Demo Evidence)
TAIZ-SEC-010,SEC,إنجاز تقرير فحص أمني واختبار اختراق شامل معتمد صادر من طرف ثالث مستقل,COMPLIANT_COMMITTED_IN_WORK_PLAN,مطابق تماماً — التزام تعاقدي كامل بالتطوير والتسليم ضمن خطة الـ 32 أسبوعاً والمعمارية المعتمدة,تقرير اختبار الاختراق النظيف المعتمد من الشركة الأمنية,Section 3 & 4 (Deliverables Roadmap),Annex 1 & 2 (Technical & Demo Evidence)
TAIZ-A11Y-001,A11Y,الامتثال التام لمعيار النفاذية الرقمية العالمي WCAG 2.2 Level AA في كافة الواجهات,COMPLIANT_VERIFIED_IN_SOURCE_AND_DEMO,مطابق تماماً — تم بناء وتأكيد الميزة معمارياً وبرمجياً في المستودع وتأكيدها في العرض التجريبي,تقارير الفحص الشامل بنسبة توافق 100%,Section 3 & 4 (Deliverables Roadmap),Annex 1 & 2 (Technical & Demo Evidence)
TAIZ-A11Y-002,MUST,التوافق الكامل مع برامج قراءة الشاشة (NVDA,COMPLIANT_COMMITTED_IN_WORK_PLAN,مطابق تماماً — التزام تعاقدي كامل بالتطوير والتسليم ضمن خطة الـ 32 أسبوعاً والمعمارية المعتمدة,A11Y,Section 3 & 4 (Deliverables Roadmap),Annex 1 & 2 (Technical & Demo Evidence)
TAIZ-A11Y-003,A11Y,إمكانية التنقل والتحكم الكامل بكافة الوظائف والنماذج عبر لوحة المفاتيح حصراً,COMPLIANT_VERIFIED_IN_SOURCE_AND_DEMO,مطابق تماماً — تم بناء وتأكيد الميزة معمارياً وبرمجياً في المستودع وتأكيدها في العرض التجريبي,اختبارات التنقل بمفتاح Tab ومفاتيح الأسهم,Section 3 & 4 (Deliverables Roadmap),Annex 1 & 2 (Technical & Demo Evidence)
TAIZ-A11Y-004,A11Y,توفير وسوم ARIA Landmarks الصحيحة وتوفير مؤشرات تركيز بصرية واضحة للعناصر,COMPLIANT_VERIFIED_IN_SOURCE_AND_DEMO,مطابق تماماً — تم بناء وتأكيد الميزة معمارياً وبرمجياً في المستودع وتأكيدها في العرض التجريبي,تدقيق هيكل DOM ووسوم ARIA ومؤشرات التركيز,Section 3 & 4 (Deliverables Roadmap),Annex 1 & 2 (Technical & Demo Evidence)
TAIZ-A11Y-005,A11Y,تحقيق نسب تباين لوني لا تقل عن 4.5:1 للنصوص العادية و 3:1 للنصوص الكبيرة,COMPLIANT_VERIFIED_IN_SOURCE_AND_DEMO,مطابق تماماً — تم بناء وتأكيد الميزة معمارياً وبرمجياً في المستودع وتأكيدها في العرض التجريبي,قياس تباين الألوان عبر الأدوات المعتمدة,Section 3 & 4 (Deliverables Roadmap),Annex 1 & 2 (Technical & Demo Evidence)
TAIZ-A11Y-006,UX,توفير أدوات سهلة لتكبير الخط وتبديل نمط التباين العالي (Accessibility Widget),COMPLIANT_VERIFIED_IN_SOURCE_AND_DEMO,مطابق تماماً — تم بناء وتأكيد الميزة معمارياً وبرمجياً في المستودع وتأكيدها في العرض التجريبي,تجربة أداة تيسير الوصول في الترويسة,Section 3 & 4 (Deliverables Roadmap),Annex 1 & 2 (Technical & Demo Evidence)
TAIZ-A11Y-007,A11Y,تقديم تقارير فحص نفاذية رقمية معتمدة ونظيفة عبر أدوات القياس (axe-core و Pa11y),COMPLIANT_VERIFIED_IN_SOURCE_AND_DEMO,مطابق تماماً — تم بناء وتأكيد الميزة معمارياً وبرمجياً في المستودع وتأكيدها في العرض التجريبي,مراجعة تقارير axe-core و Pa11y في خطوط CI/CD,Section 3 & 4 (Deliverables Roadmap),Annex 1 & 2 (Technical & Demo Evidence)
TAIZ-SEO-001,UX,محرك أتمتة الـ SEO والبيانات الوصفية المنظمة (Schema.org / JSON-LD) لكافة الصفحات,COMPLIANT_VERIFIED_IN_SOURCE_AND_DEMO,مطابق تماماً — تم بناء وتأكيد الميزة معمارياً وبرمجياً في المستودع وتأكيدها في العرض التجريبي,فحص تقرير أداة Google Rich Results ومطابقتها,Section 3 & 4 (Deliverables Roadmap),Annex 1 & 2 (Technical & Demo Evidence)
TAIZ-SEO-002,UX,توليد بطاقات المشاركة الاجتماعية اللحظية (Open Graph و Twitter Cards) تلقائياً,COMPLIANT_VERIFIED_IN_SOURCE_AND_DEMO,مطابق تماماً — تم بناء وتأكيد الميزة معمارياً وبرمجياً في المستودع وتأكيدها في العرض التجريبي,اختبار مشاركة الروابط على شبكات التواصل,Section 3 & 4 (Deliverables Roadmap),Annex 1 & 2 (Technical & Demo Evidence)
TAIZ-SEO-003,UX,توليد خرائط المواقع التفاعلية Sitemap.xml لجميع الـ 25 موقعاً وتحديثها لحظياً,COMPLIANT_VERIFIED_IN_SOURCE_AND_DEMO,مطابق تماماً — تم بناء وتأكيد الميزة معمارياً وبرمجياً في المستودع وتأكيدها في العرض التجريبي,فحص ملفات Sitemap.xml واستيفائها للمواقع,Section 3 & 4 (Deliverables Roadmap),Annex 1 & 2 (Technical & Demo Evidence)
TAIZ-SEO-004,INT,الربط التلقائي ببروتوكول Google Indexing API لإشعار محركات البحث بالفهرسة الفورية,COMPLIANT_COMMITTED_IN_WORK_PLAN,مطابق تماماً — التزام تعاقدي كامل بالتطوير والتسليم ضمن خطة الـ 32 أسبوعاً والمعمارية المعتمدة,فحص سجلات إرسال طلبات الفهرسة اللحظية,Section 3 & 4 (Deliverables Roadmap),Annex 1 & 2 (Technical & Demo Evidence)
TAIZ-SEO-005,UX,تحسين وهيكلة المحتوى الأكاديمي والبحثي لرفع تصنيف جامعة تعز في Webometrics,COMPLIANT_VERIFIED_IN_SOURCE_AND_DEMO,مطابق تماماً — تم بناء وتأكيد الميزة معمارياً وبرمجياً في المستودع وتأكيدها في العرض التجريبي,مطابقة هيكل المستودع والمقالات مع معايير التصنيف,Section 3 & 4 (Deliverables Roadmap),Annex 1 & 2 (Technical & Demo Evidence)
TAIZ-SEO-006,DATA,إدارة الروابط الدائمة والتحويلات 301 لحماية قوة الأرشفة التاريخية وتجنب أخطاء 404,COMPLIANT_COMMITTED_IN_WORK_PLAN,مطابق تماماً — التزام تعاقدي كامل بالتطوير والتسليم ضمن خطة الـ 32 أسبوعاً والمعمارية المعتمدة,فحص خريطة التحويلات واختبار استجابة الروابط القديمة,Section 3 & 4 (Deliverables Roadmap),Annex 1 & 2 (Technical & Demo Evidence)
TAIZ-INT-001,INT,بناء بوابة واجهات التطبيقات المؤسسية (API Gateway) للتحكم بالأمان ومعدل الطلبات,COMPLIANT_VERIFIED_IN_SOURCE_AND_DEMO,مطابق تماماً — تم بناء وتأكيد الميزة معمارياً وبرمجياً في المستودع وتأكيدها في العرض التجريبي,فحص بوابة الواجهات وإعدادات Rate Limiting,Section 3 & 4 (Deliverables Roadmap),Annex 1 & 2 (Technical & Demo Evidence)
TAIZ-INT-002,Finance,توفير 4 موصلات للأنظمة القائمة (SIS,COMPLIANT_COMMITTED_IN_WORK_PLAN,مطابق تماماً — التزام تعاقدي كامل بالتطوير والتسليم ضمن خطة الـ 32 أسبوعاً والمعمارية المعتمدة,LMS) بنمط القراءة فقط,Section 3 & 4 (Deliverables Roadmap),Annex 1 & 2 (Technical & Demo Evidence)
TAIZ-INT-003,DOC,توثيق الواجهات البرمجية المعياري وفق مواصفات OpenAPI 3.0 / Swagger باللغتين,COMPLIANT_VERIFIED_IN_SOURCE_AND_DEMO,مطابق تماماً — تم بناء وتأكيد الميزة معمارياً وبرمجياً في المستودع وتأكيدها في العرض التجريبي,فحص بوابة التوثيق التفاعلية وتجربة استدعاء النقاط,Section 3 & 4 (Deliverables Roadmap),Annex 1 & 2 (Technical & Demo Evidence)
TAIZ-INT-004,DATA,تنفيذ خطة وأنابيب ETL مبرمجة لترحيل وتطهير الأخبار والوثائق التاريخية من الموقع القديم,COMPLIANT_VERIFIED_IN_SOURCE_AND_DEMO,مطابق تماماً — تم بناء وتأكيد الميزة معمارياً وبرمجياً في المستودع وتأكيدها في العرض التجريبي,تقرير مطابقة البيانات المهاجرة بنسبة 100%,Section 3 & 4 (Deliverables Roadmap),Annex 1 & 2 (Technical & Demo Evidence)
TAIZ-NFR-001,MUST,قدرة المنصة على تحمل 5,COMPLIANT_COMMITTED_IN_WORK_PLAN,مطابق تماماً — التزام تعاقدي كامل بالتطوير والتسليم ضمن خطة الـ 32 أسبوعاً والمعمارية المعتمدة,NFR,Section 3 & 4 (Deliverables Roadmap),Annex 1 & 2 (Technical & Demo Evidence)
TAIZ-NFR-002,MUST,قابلية المعمارية للتوسع الأفقي التلقائي لاستيعاب حتى 25,COMPLIANT_COMMITTED_IN_WORK_PLAN,مطابق تماماً — التزام تعاقدي كامل بالتطوير والتسليم ضمن خطة الـ 32 أسبوعاً والمعمارية المعتمدة,NFR,Section 3 & 4 (Deliverables Roadmap),Annex 1 & 2 (Technical & Demo Evidence)
TAIZ-NFR-003,NFR,زمن استجابة واجهات التطبيقات (API Response Time) أقل من 300 ملي ثانية (ms),COMPLIANT_VERIFIED_IN_SOURCE_AND_DEMO,مطابق تماماً — تم بناء وتأكيد الميزة معمارياً وبرمجياً في المستودع وتأكيدها في العرض التجريبي,قياس متوسط زمن استجابة الواجهات الحية,Section 3 & 4 (Deliverables Roadmap),Annex 1 & 2 (Technical & Demo Evidence)
TAIZ-NFR-004,NFR,زمن تحميل أكبر عنصر محتوى مرئي (LCP) أقل من 2.5 ثانية (Core Web Vitals),COMPLIANT_VERIFIED_IN_SOURCE_AND_DEMO,مطابق تماماً — تم بناء وتأكيد الميزة معمارياً وبرمجياً في المستودع وتأكيدها في العرض التجريبي,تقرير مؤشرات Core Web Vitals المعتمد,Section 3 & 4 (Deliverables Roadmap),Annex 1 & 2 (Technical & Demo Evidence)
TAIZ-NFR-005,NFR,زمن استرجاع المتجهات واستجابة البحث الدلالي أقل من 500 ملي ثانية,COMPLIANT_COMMITTED_IN_WORK_PLAN,مطابق تماماً — التزام تعاقدي كامل بالتطوير والتسليم ضمن خطة الـ 32 أسبوعاً والمعمارية المعتمدة,قياس أزمنة استجابة البحث المتجهي في Qdrant,Section 3 & 4 (Deliverables Roadmap),Annex 1 & 2 (Technical & Demo Evidence)
TAIZ-NFR-006,NFR,نسبة الجاهزية والتوافرية التشغيلية السنوية للمنصة لا تقل عن (99.9%),COMPLIANT_VERIFIED_IN_SOURCE_AND_DEMO,مطابق تماماً — تم بناء وتأكيد الميزة معمارياً وبرمجياً في المستودع وتأكيدها في العرض التجريبي,مراجعة بنية التكرار وتقارير المراقبة,Section 3 & 4 (Deliverables Roadmap),Annex 1 & 2 (Technical & Demo Evidence)
TAIZ-OPS-001,OPS,تشغيل كافة مكونات وخدمات المنصة داخل حاويات Docker معيارية معزولة,COMPLIANT_VERIFIED_IN_SOURCE_AND_DEMO,مطابق تماماً — تم بناء وتأكيد الميزة معمارياً وبرمجياً في المستودع وتأكيدها في العرض التجريبي,فحص ملفات Dockerfile وصحة تشغيل الحاويات,Section 3 & 4 (Deliverables Roadmap),Annex 1 & 2 (Technical & Demo Evidence)
TAIZ-OPS-002,OPS,إدارة ونشر الحاويات عبر Kubernetes مع تفعيل التوسع الأفقي التلقائي (HPA),COMPLIANT_VERIFIED_IN_SOURCE_AND_DEMO,مطابق تماماً — تم بناء وتأكيد الميزة معمارياً وبرمجياً في المستودع وتأكيدها في العرض التجريبي,مراجعة ملفات Kubernetes Manifests / Helm Charts,Section 3 & 4 (Deliverables Roadmap),Annex 1 & 2 (Technical & Demo Evidence)
TAIZ-OPS-003,OPS,استخدام عنقود Redis Cluster للتخزين المؤقت لجلسات المستخدمين والبيانات المتكررة,COMPLIANT_VERIFIED_IN_SOURCE_AND_DEMO,مطابق تماماً — تم بناء وتأكيد الميزة معمارياً وبرمجياً في المستودع وتأكيدها في العرض التجريبي,فحص أداء الكاش ومعدل إصابة الذاكرة Cache Hit,Section 3 & 4 (Deliverables Roadmap),Annex 1 & 2 (Technical & Demo Evidence)
TAIZ-OPS-004,OPS,استخدام نظام تخزين الملفات والوسائط الموزع MinIO المتوافق مع بروتوكول S3,COMPLIANT_VERIFIED_IN_SOURCE_AND_DEMO,مطابق تماماً — تم بناء وتأكيد الميزة معمارياً وبرمجياً في المستودع وتأكيدها في العرض التجريبي,فحص عمليات حفظ واسترجاع الملفات في MinIO,Section 3 & 4 (Deliverables Roadmap),Annex 1 & 2 (Technical & Demo Evidence)
TAIZ-OPS-005,OPS,خطة النسخ والتعافي: نقطة استعادة بيانات RPO لا تتجاوز ساعة واحدة (RPO <= 1h),COMPLIANT_VERIFIED_IN_SOURCE_AND_DEMO,مطابق تماماً — تم بناء وتأكيد الميزة معمارياً وبرمجياً في المستودع وتأكيدها في العرض التجريبي,فحص ميزة PostgreSQL WAL Streaming والنسخ,Section 3 & 4 (Deliverables Roadmap),Annex 1 & 2 (Technical & Demo Evidence)
TAIZ-OPS-006,OPS,خطة النسخ والتعافي: زمن استعادة تشغيلي RTO لا يتجاوز 4 ساعات (RTO <= 4h),COMPLIANT_VERIFIED_IN_SOURCE_AND_DEMO,مطابق تماماً — تم بناء وتأكيد الميزة معمارياً وبرمجياً في المستودع وتأكيدها في العرض التجريبي,توثيق تجربة استعادة وفشل تشغيلي فعلية (Failover),Section 3 & 4 (Deliverables Roadmap),Annex 1 & 2 (Technical & Demo Evidence)
TAIZ-OPS-007,Staging,خطوط CI/CD مؤتمتة وفصل البيئات (Dev,COMPLIANT_COMMITTED_IN_WORK_PLAN,مطابق تماماً — التزام تعاقدي كامل بالتطوير والتسليم ضمن خطة الـ 32 أسبوعاً والمعمارية المعتمدة,Prod) مع التراجع التلقائي,Section 3 & 4 (Deliverables Roadmap),Annex 1 & 2 (Technical & Demo Evidence)
TAIZ-DEV-001,DEV,بناء المنصة بنمط المعمارية الموحدة النموذجية (Modular Monolith - Microservices Ready),COMPLIANT_VERIFIED_IN_SOURCE_AND_DEMO,مطابق تماماً — تم بناء وتأكيد الميزة معمارياً وبرمجياً في المستودع وتأكيدها في العرض التجريبي,تدقيق الهيكل المعماري البرمجي وفصل الطبقات,Section 3 & 4 (Deliverables Roadmap),Annex 1 & 2 (Technical & Demo Evidence)
TAIZ-ACC-001,ACC,تحقيق تغطية اختبارات أوتوماتيكية للكود (Unit Testing Coverage) لا تقل عن 75%,COMPLIANT_VERIFIED_IN_SOURCE_AND_DEMO,مطابق تماماً — تم بناء وتأكيد الميزة معمارياً وبرمجياً في المستودع وتأكيدها في العرض التجريبي,تقرير تغطية الكود الآلي الصادر من أدوات الفحص,Section 3 & 4 (Deliverables Roadmap),Annex 1 & 2 (Technical & Demo Evidence)
TAIZ-ACC-002,ACC,تطبيق إجراءات مراجعة الأكواد الثنائية (Peer Code Review) قبل الدمج في المستودع,COMPLIANT_VERIFIED_IN_SOURCE_AND_DEMO,مطابق تماماً — تم بناء وتأكيد الميزة معمارياً وبرمجياً في المستودع وتأكيدها في العرض التجريبي,فحص سجلات Pull Requests والموافقات في Git,Section 3 & 4 (Deliverables Roadmap),Annex 1 & 2 (Technical & Demo Evidence)
TAIZ-ACC-003,ACC,اختبارات النظام الشاملة والطرف للطرف (E2E Testing) باستخدام Playwright,COMPLIANT_VERIFIED_IN_SOURCE_AND_DEMO,مطابق تماماً — تم بناء وتأكيد الميزة معمارياً وبرمجياً في المستودع وتأكيدها في العرض التجريبي,تنفيذ واجتياز اختبارات Playwright الآلية بنجاح,Section 3 & 4 (Deliverables Roadmap),Annex 1 & 2 (Technical & Demo Evidence)
TAIZ-ACC-004,ACC,خلو المنصة التام من أي خطأ حرج (Zero Critical Bugs) عند موعد الاستلام الابتدائي,COMPLIANT_VERIFIED_IN_SOURCE_AND_DEMO,مطابق تماماً — تم بناء وتأكيد الميزة معمارياً وبرمجياً في المستودع وتأكيدها في العرض التجريبي,تقرير فحص المعاينة وقبول المستخدم النهائي UAT,Section 3 & 4 (Deliverables Roadmap),Annex 1 & 2 (Technical & Demo Evidence)
TAIZ-DOC-001,DOC,تسليم حزمة التوثيق الفني والمعماري الشاملة باللغة العربية (D-01 إلى D-06),COMPLIANT_VERIFIED_IN_SOURCE_AND_DEMO,مطابق تماماً — تم بناء وتأكيد الميزة معمارياً وبرمجياً في المستودع وتأكيدها في العرض التجريبي,مراجعة واعتماد حزمة وثائق المواصفات والمعمارية,Section 3 & 4 (Deliverables Roadmap),Annex 1 & 2 (Technical & Demo Evidence)
TAIZ-DOC-002,DOC,تسليم أدلة المستخدم وكتيبات إدارة وتشغيل المنصة والخوادم باللغة العربية (D-11),COMPLIANT_VERIFIED_IN_SOURCE_AND_DEMO,مطابق تماماً — تم بناء وتأكيد الميزة معمارياً وبرمجياً في المستودع وتأكيدها في العرض التجريبي,اعتماد أدلة الاستخدام والتشغيل باللغة العربية,Section 3 & 4 (Deliverables Roadmap),Annex 1 & 2 (Technical & Demo Evidence)
TAIZ-TRN-001,TRN,برنامج تدريبي متخصص بإجمالي 80 ساعة تدريبية معتمدة لـ 40 متدرباً من كوادر الجامعة,COMPLIANT_VERIFIED_IN_SOURCE_AND_DEMO,مطابق تماماً — تم بناء وتأكيد الميزة معمارياً وبرمجياً في المستودع وتأكيدها في العرض التجريبي,محاضر وتقييمات إتمام الدورات التدريبية,Section 3 & 4 (Deliverables Roadmap),Annex 1 & 2 (Technical & Demo Evidence)
TAIZ-TRN-001.1,TRN,تدريب 10 مهندسين من كادر الجامعة والـ DevOps (40 ساعة) على المعمارية والصيانة,COMPLIANT_VERIFIED_IN_SOURCE_AND_DEMO,مطابق تماماً — تم بناء وتأكيد الميزة معمارياً وبرمجياً في المستودع وتأكيدها في العرض التجريبي,محضر حضور وتدريب مهندسي النظام الـ 10,Section 3 & 4 (Deliverables Roadmap),Annex 1 & 2 (Technical & Demo Evidence)
TAIZ-TRN-001.2,TRN,تدريب 30 مديراً ومحرراً للمحتوى بالكليات (20 ساعة) على إدارة المواقع والنشر,COMPLIANT_VERIFIED_IN_SOURCE_AND_DEMO,مطابق تماماً — تم بناء وتأكيد الميزة معمارياً وبرمجياً في المستودع وتأكيدها في العرض التجريبي,محضر حضور وتدريب مسؤولي المحتوى الـ 30,Section 3 & 4 (Deliverables Roadmap),Annex 1 & 2 (Technical & Demo Evidence)
TAIZ-TRN-001.3,TRN,تدريب فرق الأمن السيبراني والذكاء الاصطناعي (20 ساعة) على مراقبة RAG وتدقيق الأمان,COMPLIANT_VERIFIED_IN_SOURCE_AND_DEMO,مطابق تماماً — تم بناء وتأكيد الميزة معمارياً وبرمجياً في المستودع وتأكيدها في العرض التجريبي,محضر تدريب فرق الأمن والذكاء الاصطناعي,Section 3 & 4 (Deliverables Roadmap),Annex 1 & 2 (Technical & Demo Evidence)
TAIZ-SLA-001,OPS,التزام تعاقدي بضمان وصيانة مجانية شاملة لمدة 12 شهراً بعد الإطلاق الرسمي,COMPLIANT_VERIFIED_IN_SOURCE_AND_DEMO,مطابق تماماً — تم بناء وتأكيد الميزة معمارياً وبرمجياً في المستودع وتأكيدها في العرض التجريبي,اتفاقية الضمان الموقعة وجداول الدعم الفني,Section 3 & 4 (Deliverables Roadmap),Annex 1 & 2 (Technical & Demo Evidence)
TAIZ-SLA-002,OPS,الالتزام بأزمنة الاستجابة لاتفاقية مستوى الخدمة SLA: الحوادث الحرجة P1 خلال ساعتين,COMPLIANT_VERIFIED_IN_SOURCE_AND_DEMO,مطابق تماماً — تم بناء وتأكيد الميزة معمارياً وبرمجياً في المستودع وتأكيدها في العرض التجريبي,فحص سجلات تذاكر الدعم والالتزام بـ P1 <= 2h,Section 3 & 4 (Deliverables Roadmap),Annex 1 & 2 (Technical & Demo Evidence)
TAIZ-DEL-001..016,ACC,الالتزام بتسليم المخرجات الـ 16 المحددة (D-01 إلى D-16) وفق مواعيدها ومعايير قبولها,COMPLIANT_VERIFIED_IN_SOURCE_AND_DEMO,مطابق تماماً — تم بناء وتأكيد الميزة معمارياً وبرمجياً في المستودع وتأكيدها في العرض التجريبي,محاضر الاستلام المرحلي الموقعة لكافة التسليمات,Section 3 & 4 (Deliverables Roadmap),Annex 1 & 2 (Technical & Demo Evidence)
